Company_name,Description,Ratings,Rating_count,No_of_reviews,Salaries,Interviews,Jobs,Benefits,Photos
TCS,IT Services & Consulting | Bengaluru +444 other locations,3.3,(1.1L),1.1L,10.2L,11.9k,4.4k,10.7k,93
Accenture,IT Services & Consulting | Bengaluru +259 other locations,3.7,(73.7k),73.7k,7L,9.4k,38.4k,6.7k,49
Wipro,IT Services & Consulting | Hyderabad +373 other locations,3.6,(65.3k),65.3k,4.9L,6.9k,333,4.7k,114
Cognizant,IT Services & Consulting | Hyderabad +232 other locations,3.7,(61.6k),61.6k,6.1L,6.5k,536,5.5k,96
Capgemini,IT Services & Consulting | Bengaluru +182 other locations,3.6,(53.6k),53.6k,4.9L,5.6k,2.2k,3.7k,42
HDFC Bank,Banking | Mumbai +1853 other locations,3.8,(52.6k),52.6k,1.5L,3.1k,343,3.3k,89
Infosys,IT Services & Consulting | Bengaluru +246 other locations,3.5,(49k),49k,5.3L,8.5k,2.1k,4.8k,120
HCLTech,IT Services & Consulting | Chennai +231 other locations,3.4,(46.1k),46.1k,3.9L,4.6k,230,3.8k,71
ICICI Bank,Banking | Mumbai +1445 other locations,4.0,(46.1k),46.1k,1.5L,3k,17,3.7k,73
Tech Mahindra,IT Services & Consulting | Hyderabad +321 other locations,3.4,(43.5k),43.5k,2.9L,4.6k,601,3.4k,79
Genpact,Analytics & KPO | Hyderabad +181 other locations,3.6,(42.5k),42.5k,2.4L,3.9k,621,3.5k,66
TP,BPO | Mumbai +256 other locations,3.9,(38.8k),38.8k,99.4k,2.3k,1.5k,1.9k,38
Jio,Telecom | Mumbai +1957 other locations,4.4,(33.7k),33.7k,61.3k,4.4k,--,2.6k,93
Axis Bank,Banking | Mumbai +1520 other locations,3.6,(33.4k),33.4k,1L,2k,269,2.2k,121
Concentrix Corporation,BPO | Bengaluru +183 other locations,3.6,(32.4k),32.4k,1.3L,2k,16,3.1k,67
Amazon,Internet | Bengaluru +515 other locations,3.9,(31.5k),31.5k,1.6L,6k,2.6k,3.6k,95
Reliance Retail,Retail | Mumbai +1161 other locations,3.9,(27.4k),27.4k,76.2k,2k,104,1.9k,142
iEnergizer,BPO | Noida +53 other locations,4.6,(27.2k),27.2k,24.8k,1.6k,92,544,29
LTIMindtree,IT Services & Consulting | Bengaluru +145 other locations,3.6,(26.5k),26.5k,2L,3.5k,507,796,34
IBM,IT Services & Consulting | Bengaluru +162 other locations,3.9,(25.8k),25.8k,2.2L,2.6k,1.8k,2.6k,23
HDB Financial Services,NBFC | Mumbai +1093 other locations,3.9,(25.8k),25.8k,49k,1.1k,2.1k,1.5k,73
Larsen & Toubro Limited,Engineering & Construction | Chennai +771 other locations,3.9,(24k),24k,77k,1.9k,297,2.5k,65
Deloitte,Management Consulting | Hyderabad +182 other locations,3.7,(23.3k),23.3k,2.7L,3.4k,2k,2.4k,27
Kotak Mahindra Bank,Banking | Mumbai +691 other locations,3.6,(22.5k),22.5k,87.1k,1.4k,167,1.3k,45
Reliance Industries,Oil & Gas | Jamnagar +820 other locations,4.0,(20.3k),20.3k,74.4k,1.6k,86,1.9k,38
Vodafone Idea,Telecom | Pune +705 other locations,3.9,(17.6k),17.6k,49.4k,699,84,2k,22
Bharti Airtel,Telecom | Gurugram +792 other locations,3.8,(17.1k),17.1k,50.1k,1.1k,177,1.6k,101
BYJU'S,EdTech | Bengaluru +321 other locations,3.2,(16.4k),16.4k,53k,2.1k,1,1.7k,28
WNS,IT Services & Consulting | Pune +66 other locations,3.3,(15.3k),15.3k,71.1k,1.3k,84,1.3k,24
IDFC FIRST Bank,Banking | Mumbai +731 other locations,3.9,(14.7k),14.7k,50.3k,986,43,735,96
Ernst & Young,Management Consulting | Bengaluru +135 other locations,3.4,(14.6k),14.6k,1.5L,1.4k,4.7k,1.1k,10
IndusInd Bank,Banking | Mumbai +799 other locations,3.4,(14.3k),14.3k,52.6k,777,151,815,16
AU Small Finance Bank,Banking | Jaipur +803 other locations,3.8,(14.3k),14.3k,29.7k,710,189,595,28
Tata Motors,Automobile | Pune +506 other locations,4.1,(14.2k),14.2k,43k,1.3k,200,1.6k,45
Muthoot FinCorp,NBFC | Bengaluru +1121 other locations,4.5,(13.2k),13.2k,9.5k,2.4k,47,282,103
Bajaj Finserv,NBFC | Pune +1197 other locations,4.0,(13.2k),13.2k,31.9k,777,2,731,19
Flipkart,Internet | Bengaluru +554 other locations,3.9,(13k),13k,56.4k,1.7k,111,1.4k,105
PwC,Management Consulting | Bengaluru +137 other locations,3.3,(12.7k),12.7k,1.3L,1.6k,1.1k,829,24
HDFC Life,Insurance | Mumbai +717 other locations,3.8,(12.1k),12.1k,33.6k,815,114,634,57
Infosys BPM,BPO | Bengaluru +95 other locations,3.5,(12.1k),12.1k,77.2k,1.1k,27,1.1k,8
Mahindra & Mahindra,Automobile | Pune +565 other locations,4.0,(12.1k),12.1k,41k,883,8,1.2k,19
DXC Technology,IT Services & Consulting | Bengaluru +130 other locations,3.6,(12k),12k,75.3k,902,220,1.1k,9
Bandhan Bank,Banking | Kolkata +1013 other locations,3.7,(11.2k),11.2k,25.3k,765,--,538,44
Digitide Solutions,IT Services & Consulting | Hyderabad +274 other locations,3.5,(10.4k),10.4k,26.9k,578,331,778,47
Mphasis,IT Services & Consulting | Bengaluru +64 other locations,3.3,(10.3k),10.3k,75.1k,941,70,855,133
Yes Bank,Banking | Mumbai +541 other locations,3.7,(10.2k),10.2k,42.7k,565,228,629,18
Tata Steel,Iron & Steel | Jamshedpur +226 other locations,4.0,(9.9k),9.9k,34.7k,1.1k,--,675,52
Quess,Recruitment | Bengaluru +758 other locations,3.8,(9.8k),9.8k,31.5k,548,39,452,23
Asian Paints,Chemicals | Mumbai +556 other locations,3.9,(9.6k),9.6k,26.2k,875,84,907,36
Maruti Suzuki,Automobile | Gurugram +457 other locations,4.1,(9.6k),9.6k,28.9k,798,1,1.1k,25
Startek,BPO | Bengaluru +104 other locations,3.0,(9.5k),9.5k,25.1k,653,274,690,16
UltraTech Cement,Building Material | Mumbai +539 other locations,4.1,(9.5k),9.5k,25.2k,811,34,633,47
Paytm,FinTech | Noida +425 other locations,3.2,(9.4k),9.4k,34.4k,904,787,593,24
Bajaj Finance,NBFC | Pune +999 other locations,3.9,(9.3k),9.3k,23.3k,449,6.7k,518,15
Shriram Finance,NBFC | Chennai +1119 other locations,3.9,(9.2k),9.2k,15.9k,459,6,34,46
Sutherland Global Services,BPO | Chennai +82 other locations,3.4,(9.1k),9.1k,35.7k,811,344,913,30
Equitas Small Finance Bank,Banking | Chennai +486 other locations,4.3,(8.9k),8.9k,13.6k,1k,35,413,43
Wells Fargo,Financial Services | Bengaluru +27 other locations,3.6,(8.7k),8.7k,63.3k,698,248,863,13
EXL Service,Analytics & KPO | Noida +61 other locations,3.6,(8.7k),8.7k,45.5k,928,80,809,20
Cipla,Pharma | Mumbai +294 other locations,4.1,(8.6k),8.6k,26.6k,605,13,867,20
Ericsson,Telecom | Noida +161 other locations,3.9,(8.4k),8.4k,42.9k,477,48,1k,17
Samsung,Consumer Electronics & Appliances | Noida +581 other locations,3.9,(8.3k),8.3k,26.5k,634,42,529,16
Dr. Reddy's,Pharma | Hyderabad +215 other locations,4.0,(8.3k),8.3k,26.2k,523,23,750,30
Optum Global Solutions,IT Services & Consulting | Hyderabad +69 other locations,4.0,(8k),8k,51.3k,784,156,696,2
JSW Steel,Iron & Steel | Ballari +199 other locations,3.9,(7.9k),7.9k,31.9k,852,102,621,32
JPMorgan Chase & Co.,Financial Services | Bengaluru +56 other locations,3.8,(7.9k),7.9k,91.4k,890,617,860,14
Delhivery,Logistics | Gurugram +763 other locations,3.8,(7.8k),7.8k,22k,622,244,666,71
ICICI Prudential Life Insurance,Insurance | Mumbai +511 other locations,3.9,(7.8k),7.8k,23k,490,390,637,13
Hexaware Technologies,IT Services & Consulting | Chennai +70 other locations,3.4,(7.7k),7.7k,55.6k,832,392,563,30
Ujjivan Small Finance Bank,Banking | Bengaluru +544 other locations,4.0,(7.7k),7.7k,13.1k,331,86,590,26
Sun Pharmaceutical Industries,Pharma | Vadodara +264 other locations,4.0,(7.6k),7.6k,23.4k,686,386,609,16
Jana Small Finance Bank,Banking | Bengaluru +424 other locations,3.7,(7.6k),7.6k,14.6k,309,62,631,17
HGS,Emerging Technologies | Bengaluru +122 other locations,3.7,(7.6k),7.6k,20.6k,278,13,968,32
Zydus Lifesciences,Pharma | Ahmedabad +181 other locations,4.0,(7.5k),7.5k,20.3k,500,50,631,21
Amazon Development Centre India,Internet | Hyderabad +147 other locations,3.8,(7.5k),7.5k,39.9k,898,8,365,12
Ekart Logistics,Logistics | Bengaluru +740 other locations,3.9,(7.5k),7.5k,17.1k,413,--,427,76
Lupin,Pharma | Pune +204 other locations,4.1,(7.4k),7.4k,22.4k,452,55,769,11
KPMG India,Management Consulting | Bengaluru +112 other locations,3.4,(7.4k),7.4k,69.1k,946,95,754,8
L&T Construction,Engineering & Construction | Chennai +435 other locations,4.0,(7.3k),7.3k,19.1k,954,--,931,41
Axis Max Life Insurance,Insurance | New Delhi +509 other locations,4.0,(7.2k),7.2k,20.2k,421,237,508,11
Hindustan Unilever,FMCG | Mumbai +545 other locations,4.2,(7.2k),7.2k,20.4k,478,21,714,6
ITC,FMCG | Bengaluru +378 other locations,3.9,(7.2k),7.2k,25.2k,706,74,645,14
Megha Engineering & Infrastructures,Engineering & Construction | Hyderabad +408 other locations,3.9,(7k),7k,18.7k,584,16,549,39
Coforge,IT Services & Consulting | Noida +103 other locations,3.3,(7k),7k,51.9k,753,159,291,102
Tata Projects,Engineering & Construction | Mumbai +287 other locations,4.2,(6.9k),6.9k,22.8k,625,32,555,63
Bajaj Life Insurance,Insurance | Pune +618 other locations,3.8,(6.7k),6.7k,17.7k,452,72,483,17
Cholamandalam Investment & Finance,Financial Services | Chennai +868 other locations,3.9,(6.7k),6.7k,13.3k,300,41,307,41
L&T Technology Services,IT Services & Consulting | Bengaluru +95 other locations,3.0,(6.6k),6.6k,44.8k,635,--,455,11
FIS,FinTech | Pune +59 other locations,3.8,(6.6k),6.6k,39.3k,544,237,728,17
Oracle,Software Product | Bengaluru +56 other locations,3.3,(6.6k),6.6k,65k,963,79,629,39
Omega Healthcare,BPO | Chennai +70 other locations,3.8,(6.5k),6.5k,27.9k,562,163,400,32
JLL,Real Estate | Gurugram +87 other locations,4.1,(6.4k),6.4k,25.1k,499,476,548,21
Muthoot Finance,NBFC | Bengaluru +793 other locations,3.7,(6.4k),6.4k,13.2k,362,146,335,12
IIFL Finance,NBFC | Mumbai +813 other locations,4.0,(6.4k),6.4k,13.9k,335,60,404,19
eClerx,IT Services & Consulting | Pune +32 other locations,3.1,(6.3k),6.3k,33.2k,648,425,565,26
Indian Army,Defence & Aerospace | New Delhi +360 other locations,4.7,(6.3k),6.3k,9.4k,212,--,742,12
Piramal Finance,NBFC | Mumbai +433 other locations,4.2,(6.2k),6.2k,12.4k,303,636,397,46
DMart,Retail | Mumbai +255 other locations,3.9,(6.2k),6.2k,19.3k,566,225,482,17
Virtusa Consulting Services,IT Services & Consulting | Hyderabad +55 other locations,3.7,(6.1k),6.1k,57.8k,685,189,323,23
PolicyBazaar,Internet | Gurugram +156 other locations,3.8,(6.1k),6.1k,18.1k,646,1.4k,248,28
HCL Group,IT Services & Consulting | Chennai +97 other locations,3.5,(6.1k),6.1k,39k,522,--,663,1
HSBC Group,Financial Services | Bengaluru +63 other locations,3.8,(6.1k),6.1k,45.1k,561,141,1.1k,26
Indiamart Intermesh,Internet | Noida +169 other locations,3.5,(6k),6k,21.8k,771,189,451,17
SMFG India Credit,NBFC | Mumbai +607 other locations,3.9,(6k),6k,11.4k,216,87,358,22
Access Healthcare,BPO | Chennai +62 other locations,3.7,(5.9k),5.9k,29.6k,412,1.8k,368,9
BigBasket,Internet | Bengaluru +143 other locations,3.9,(5.9k),5.9k,20k,499,91,385,36
Siemens,Industrial Automation | Bengaluru +156 other locations,4.0,(5.8k),5.8k,34.9k,516,57,635,13
ICICI Lombard General Insurance Company,Insurance | Mumbai +320 other locations,3.5,(5.8k),5.8k,20.5k,368,214,379,22
GlobalLogic,IT Services & Consulting | Hyderabad +62 other locations,3.5,(5.8k),5.8k,41.8k,689,76,526,21
Firstsource Solutions,BPO | Bengaluru +73 other locations,3.5,(5.8k),5.8k,25k,367,111,576,13
Manappuram Finance,NBFC | Bengaluru +660 other locations,3.9,(5.8k),5.8k,9.7k,232,28,265,35
Aurobindo Pharma,Pharma | Hyderabad +115 other locations,4.0,(5.8k),5.8k,20.5k,296,36,472,9
Tata Capital,NBFC | Mumbai +453 other locations,3.9,(5.7k),5.7k,16.2k,287,3.7k,264,23
Shapoorji Pallonji Group,Engineering & Construction | Mumbai +190 other locations,4.1,(5.7k),5.7k,15.3k,439,48,641,14
UST,IT Services & Consulting | Bengaluru +52 other locations,3.7,(5.7k),5.7k,40.9k,604,86,417,25
Standard Chartered,Banking | Chennai +68 other locations,3.6,(5.7k),5.7k,42.5k,329,1,313,--
Udaan,Internet | Bengaluru +366 other locations,3.9,(5.7k),5.7k,14.9k,373,5,759,16
Apollo Hospitals,Healthcare | Chennai +226 other locations,4.0,(5.7k),5.7k,16.9k,497,222,517,2
Mahindra Finance,NBFC | Mumbai +739 other locations,3.9,(5.7k),5.7k,12.2k,226,137,516,12
Bosch Global Software Technologies,IT Services & Consulting | Bengaluru +47 other locations,3.7,(5.7k),5.7k,41.3k,396,38,629,21
Swiggy,Internet | Bengaluru +238 other locations,3.7,(5.6k),5.6k,24.2k,590,172,348,18
Ashok Leyland,Automobile | Chennai +265 other locations,4.0,(5.6k),5.6k,18.8k,329,4,649,15
Citicorp,Financial Services | Pune +68 other locations,3.6,(5.6k),5.6k,54.8k,642,--,520,6
CGI Inc,IT Services & Consulting | Bengaluru +43 other locations,4.0,(5.4k),5.4k,47.3k,568,568,360,5
Hero MotoCorp,Automobile | Gurugram +370 other locations,4.1,(5.4k),5.4k,16.3k,422,8,591,10
Cyient,IT Services & Consulting | Hyderabad +49 other locations,3.6,(5.3k),5.3k,27.7k,337,141,471,3
SBI Cards & Payment Services,Financial Services | Gurugram +448 other locations,3.6,(5.3k),5.3k,16.2k,316,113,351,14
BNY,Financial Services | Pune +27 other locations,3.6,(5.3k),5.3k,32.1k,406,59,534,1
NTT DATA,IT Services & Consulting | Bengaluru +81 other locations,3.8,(5.3k),5.3k,38.8k,767,10,164,2
Kalpataru Projects International,Engineering & Construction | Mumbai +328 other locations,4.2,(5.3k),5.3k,14k,343,--,212,22
IQVIA,Clinical Research | Bengaluru +67 other locations,3.7,(5.3k),5.3k,31.9k,570,32,528,10
Nagarjuna Construction Company,Engineering & Construction | Hyderabad +299 other locations,4.0,(5.3k),5.3k,12.6k,458,11,416,12
Schneider Electric,Industrial Automation | Bengaluru +121 other locations,4.1,(5.2k),5.2k,25.8k,469,547,447,13
JustDial,Internet | Noida +235 other locations,3.5,(5.2k),5.2k,15.4k,397,44,377,9
SBI Life Insurance Company,Insurance | Mumbai +658 other locations,3.7,(5.2k),5.2k,11.8k,318,8,336,18
CBRE,Real Estate | Hyderabad +92 other locations,4.1,(5.2k),5.2k,19.2k,362,21,455,19
TVS Motor,Automobile | Hosur +354 other locations,3.8,(5.1k),5.1k,16.4k,422,100,545,15
Persistent Systems,IT Services & Consulting | Pune +42 other locations,3.6,(5.1k),5.1k,47.1k,721,356,378,33
State Bank of India,Banking | Mumbai +627 other locations,3.8,(5k),5k,11.9k,325,1,410,5
Atos,IT Services & Consulting | Pune +49 other locations,3.8,(5k),5k,33.6k,416,107,462,10
KEC International,Engineering & Construction | Mumbai +317 other locations,4.0,(5k),5k,13.7k,428,15,448,54
ITC Infotech,IT Services & Consulting | Bengaluru +69 other locations,3.8,(4.9k),4.9k,30.3k,423,66,285,11
vivo,Consumer Electronics & Appliances | Noida +414 other locations,4.1,(4.9k),4.9k,13k,246,13,647,3
Amdocs,Software Product | Pune +24 other locations,3.6,(4.9k),4.9k,38k,564,9,615,20
JBM Group,Auto Components | Gurugram +119 other locations,3.9,(4.9k),4.9k,14.1k,359,183,347,21
Varun Beverages,Beverage | New Delhi +384 other locations,4.0,(4.8k),4.8k,12.3k,356,77,325,32
Ecom Express,Logistics | Gurugram +779 other locations,4.1,(4.8k),4.8k,9.4k,268,--,324,39
Eviden,IT Services & Consulting | Pune +39 other locations,3.6,(4.8k),4.8k,27k,316,--,3,11
Utkarsh Small Finance Bank,Banking | Varanasi +420 other locations,3.6,(4.8k),4.8k,11.1k,320,54,282,53
Nagarro,IT Services & Consulting | Gurugram +48 other locations,3.9,(4.8k),4.8k,33.2k,842,310,1.1k,19
Randstad,Recruitment | Hyderabad +369 other locations,3.7,(4.7k),4.7k,17.2k,338,75,349,7
EY Global Delivery Services ( EY GDS),IT Services & Consulting | Bengaluru +56 other locations,3.5,(4.7k),4.7k,52.7k,906,5,275,16
Bosch,Auto Components | Bengaluru +133 other locations,4.1,(4.7k),4.7k,21.2k,387,--,603,18
Hewlett Packard Enterprise,IT Services & Consulting | Bengaluru +104 other locations,4.0,(4.6k),4.6k,27.6k,270,249,548,18
L&T Finance,NBFC | Mumbai +653 other locations,3.9,(4.6k),4.6k,11.8k,227,--,261,34
Havells,Electrical Equipment | Noida +264 other locations,3.9,(4.6k),4.6k,15.6k,302,43,322,13
Aditya Birla Fashion and Retail,Fashion & Textile | Bengaluru +293 other locations,4.0,(4.6k),4.6k,13.3k,270,64,395,14
Cars24,Internet | Gurugram +172 other locations,3.4,(4.6k),4.6k,15.7k,414,101,413,18
Intas Pharmaceuticals,Pharma | Ahmedabad +150 other locations,4.1,(4.6k),4.6k,17.7k,267,55,373,9
R1 RCM,BPO | Hyderabad +49 other locations,3.8,(4.6k),4.6k,22.5k,367,178,342,23
Mahindra Logistics,Logistics | Mumbai +233 other locations,3.7,(4.6k),4.6k,12.9k,254,80,451,24
Tata AIA Life Insurance,Insurance | Mumbai +454 other locations,3.9,(4.6k),4.6k,14.4k,261,758,304,23
Home Credit Finance,NBFC | Gurugram +139 other locations,4.0,(4.6k),4.6k,9.2k,153,115,632,6
Hetero,Pharma | Hyderabad +71 other locations,3.9,(4.6k),4.6k,15.3k,362,60,349,15
Dell,Consumer Electronics & Appliances | Bengaluru +116 other locations,3.8,(4.5k),4.5k,29.3k,434,21,544,25
Deutsche Bank,Banking | Pune +42 other locations,3.8,(4.5k),4.5k,38.1k,431,442,408,81
Berger Paints,Chemicals | Kolkata +367 other locations,3.7,(4.5k),4.5k,10.8k,447,171,279,6
Lenskart,Internet | New Delhi +252 other locations,3.3,(4.5k),4.5k,13.5k,477,170,215,23
OPPO,Consumer Electronics & Appliances | Greater Noida +407 other locations,3.9,(4.5k),4.5k,11.9k,259,10,605,10
Hyundai Motor India Limited,Automobile | Chennai +292 other locations,4.1,(4.4k),4.4k,14.4k,329,5,523,31
Motilal Oswal Financial Services,Financial Services | Mumbai +169 other locations,3.7,(4.4k),4.4k,13.2k,556,47,174,90
TeamLease Services,Recruitment | Bengaluru +404 other locations,3.9,(4.4k),4.4k,16.5k,255,--,221,6
VE Commercial Vehicles,Automobile | Indore +180 other locations,3.9,(4.4k),4.4k,14.2k,296,25,349,13
Thermax Limited,Industrial Machinery | Pune +259 other locations,4.2,(4.3k),4.3k,13.3k,353,44,379,24
Jubilant Foods Works,Hospitality | Noida +267 other locations,3.7,(4.2k),4.2k,9.8k,258,376,184,18
Macleods Pharmaceuticals,Pharma | Mumbai +136 other locations,3.7,(4.2k),4.2k,15.8k,273,27,338,3
Carelon Global Solutions,IT Services & Consulting | Bengaluru +20 other locations,3.9,(4.2k),4.2k,29.1k,429,93,15,9
Aakash Educational Services,Education & Training | New Delhi +249 other locations,3.2,(4.2k),4.2k,14.1k,382,95,215,25
Bajaj Auto,Automobile | Pune +324 other locations,3.8,(4.2k),4.2k,14.7k,332,41,498,19
Jindal Steel Limited,Iron & Steel | Angul +174 other locations,3.9,(4.2k),4.2k,16k,440,75,336,37
State Street Corporation,Financial Services | Bengaluru +36 other locations,3.5,(4.2k),4.2k,33.9k,298,6,263,11
LG Electronics,Consumer Electronics & Appliances | Pune +301 other locations,3.8,(4.2k),4.2k,11.3k,264,12,404,18
Hindalco Industries,Metals & Mining | Sambalpur +131 other locations,4.2,(4.2k),4.2k,13.1k,317,16,335,11
Kogta Financial India Limited,NBFC | Jaipur +260 other locations,4.7,(4.1k),4.1k,1.9k,252,91,32,39
Royal Enfield,Automobile | Chennai +374 other locations,4.2,(4.1k),4.1k,15k,206,3,401,38
HDFC ERGO General Insurance,Insurance | Mumbai +327 other locations,4.0,(4.1k),4.1k,12.2k,206,13,279,7
DCB Bank,Banking | Mumbai +346 other locations,3.8,(4.1k),4.1k,9.9k,235,18,255,23
John Deere,Industrial Machinery | Pune +154 other locations,4.0,(4.1k),4.1k,15.7k,270,4,424,12
RBL Bank,Banking | Mumbai +293 other locations,3.5,(4.1k),4.1k,18.8k,249,40,228,11
Tata Communications,Telecom | Pune +102 other locations,3.9,(4k),4k,23.7k,307,124,426,13
Publicis Sapient,IT Services & Consulting | Bengaluru +47 other locations,3.2,(4k),4k,33.2k,711,208,402,70
Cummins,Industrial Machinery | Pune +115 other locations,4.3,(4k),4k,15.7k,293,132,462,16
Alembic Pharmaceuticals,Pharma | Vadodara +188 other locations,3.9,(4k),4k,15.5k,263,50,385,9
Bank of America,Banking | Gurugram +34 other locations,4.1,(3.9k),3.9k,30.1k,296,--,417,--
Pidilite Industries,Chemicals | Mumbai +321 other locations,4.2,(3.9k),3.9k,11.9k,270,23,363,5
Grasim Industries,Building Material | Bharuch +262 other locations,4.0,(3.9k),3.9k,13.2k,294,13,276,11
Oyo Rooms,Internet | Gurugram +121 other locations,3.0,(3.9k),3.9k,13.8k,260,152,397,14
Aditya Birla Sun Life Insurance,Insurance | Mumbai +506 other locations,4.0,(3.9k),3.9k,10.5k,188,--,216,23
Cloudnine Hospital,Healthcare | Bengaluru +46 other locations,4.5,(3.9k),3.9k,3.1k,1.5k,24,109,7
American Express,Financial Services | Gurugram +54 other locations,4.1,(3.9k),3.9k,25.9k,432,98,445,10
Kyndryl,IT Services & Consulting | Bengaluru +39 other locations,4.0,(3.9k),3.9k,27.6k,236,302,166,60
PNB MetLife,Insurance | New Delhi +433 other locations,3.3,(3.9k),3.9k,8.1k,197,4,227,18
Subros,Auto Components | Noida +88 other locations,3.8,(3.9k),3.9k,12.9k,223,1,384,11
ADP Private Limited,Software Product | Hyderabad +41 other locations,3.9,(3.9k),3.9k,22.3k,296,61,463,16
Aditya Birla Capital,NBFC | Mumbai +350 other locations,3.8,(3.9k),3.9k,14.4k,266,1,221,30
Altruist Technologies,BPO | Bengaluru +43 other locations,4.4,(3.8k),3.8k,8.4k,724,5,84,6
KPIT Technologies,Software Product | Pune +43 other locations,2.8,(3.8k),3.8k,24.1k,351,4,293,17
Viatris,Pharma | Hyderabad +80 other locations,4.1,(3.8k),3.8k,14.3k,172,6,501,13
Escorts Kubota Limited,Industrial Machinery | Faridabad +159 other locations,4.1,(3.8k),3.8k,13.8k,308,1,258,26
XpressBees,Logistics | Pune +481 other locations,4.2,(3.8k),3.8k,8.3k,448,15,178,25
PVR INOX,Media & Entertainment | New Delhi +152 other locations,3.9,(3.8k),3.8k,9.6k,220,37,248,5
Maersk,Logistics | Chennai +50 other locations,3.9,(3.8k),3.8k,19.6k,254,39,425,26
Reliance Communications,Telecom | Mumbai +465 other locations,4.0,(3.8k),3.8k,9.3k,107,--,379,1
Birlasoft,IT Services & Consulting | Pune +50 other locations,3.4,(3.8k),3.8k,30.1k,319,535,241,8
JK Cement,Building Material | New Delhi +332 other locations,4.0,(3.8k),3.8k,10.3k,349,2,266,28
Synechron,IT Services & Consulting | Pune +33 other locations,3.4,(3.8k),3.8k,29.1k,409,109,245,10
Glenmark Pharmaceuticals,Pharma | Mumbai +189 other locations,3.8,(3.7k),3.7k,12.3k,187,495,325,1
Kotak Mahindra Life Insurance Company,Insurance | Mumbai +259 other locations,3.5,(3.7k),3.7k,12.5k,264,252,259,6
Bharat Electronics,Electronics Manufacturing | Bengaluru +87 other locations,4.2,(3.7k),3.7k,12.7k,252,--,314,1
Dabur,FMCG | New Delhi +318 other locations,3.8,(3.7k),3.7k,9.2k,341,37,280,5
Sodexo,Facility Management Services | Mumbai +161 other locations,4.0,(3.7k),3.7k,10k,210,882,367,22
PhonePe,FinTech | Bengaluru +405 other locations,4.0,(3.7k),3.7k,13.7k,439,83,197,11
Cogent E Services,BPO | Noida +57 other locations,3.1,(3.7k),3.7k,10.4k,299,2,223,13
Godrej & Boyce Manufacturing,Consumer Electronics & Appliances | Mumbai +170 other locations,3.9,(3.7k),3.7k,15.2k,236,25,413,3
Abbott,Pharma | Mumbai +214 other locations,4.1,(3.6k),3.6k,12.1k,185,257,368,8
Blinkit,Internet | Gurugram +157 other locations,3.8,(3.6k),3.6k,14k,379,--,220,27
Ipca Laboratories,Pharma | Mumbai +163 other locations,3.8,(3.6k),3.6k,11.6k,216,57,249,4
Samvardhana Motherson Group,Auto Components | Noida +94 other locations,3.7,(3.6k),3.6k,12k,261,47,405,11
Aarti Industries,Agro Chemicals | Bharuch +59 other locations,4.1,(3.6k),3.6k,14.5k,337,57,357,6
UNO Minda,Auto Components | Pune +111 other locations,4.0,(3.6k),3.6k,11.6k,267,67,289,6
Reliance Projects & Property Management Services,Other | Kolkata +625 other locations,4.0,(3.6k),3.6k,7.4k,215,--,22,6
Reliance Digital,Retail | Mumbai +384 other locations,4.1,(3.6k),3.6k,8.3k,174,2,244,28
ArcelorMittal Nippon Steel India,Iron & Steel | Surat +88 other locations,4.1,(3.6k),3.6k,12.5k,282,8,118,6
IGT Solutions,BPO | New Delhi +48 other locations,3.2,(3.6k),3.6k,13.8k,257,90,217,14
MRF Tyres,Auto Components | Chennai +194 other locations,3.6,(3.6k),3.6k,13.2k,387,14,350,9
Indian Oil Corporation,Oil & Gas | New Delhi +312 other locations,4.3,(3.5k),3.5k,7.9k,243,--,295,32
Johnson Controls,Industrial Automation | Pune +58 other locations,3.5,(3.5k),3.5k,17.8k,308,12,269,28
"NTT DATA, Inc.",IT Services & Consulting | Bengaluru +38 other locations,3.9,(3.5k),3.5k,21.2k,160,129,629,7
Alkem Laboratories,Pharma | Mumbai +200 other locations,3.9,(3.5k),3.5k,10.2k,203,22,333,2
[24]7.ai,Software Product | Bengaluru +36 other locations,3.4,(3.5k),3.5k,11.7k,193,70,410,10
Honda Motorcycle & Scooter,Automobile | Gurugram +301 other locations,4.1,(3.5k),3.5k,11.3k,209,--,350,4
Vishal Mega Mart,Retail | New Delhi +379 other locations,3.7,(3.5k),3.5k,6.3k,220,2,279,12
Hindustan Coca Cola Beverages,Beverage | Bengaluru +263 other locations,4.0,(3.5k),3.5k,7.8k,188,45,387,4
UBS,Financial Services | Pune +19 other locations,3.8,(3.5k),3.5k,32.2k,378,2,121,11
Barclays,Banking | Pune +38 other locations,3.7,(3.4k),3.4k,34k,324,--,256,28
Bajaj General Insurance Limited,Insurance | Pune +307 other locations,3.7,(3.4k),3.4k,10.8k,143,513,240,9
DTDC Express,Logistics | New Delhi +273 other locations,3.7,(3.4k),3.4k,8.9k,200,58,269,3
IndusInd Nippon Life Insurance,Mumbai +493 other locations,3.4,(3.4k),3.4k,8.2k,173,1,231,13
ABB,Industrial Machinery | Bengaluru +108 other locations,4.0,(3.4k),3.4k,18.8k,298,371,351,5
Ceat Tyres,Auto Components | Nagpur +141 other locations,3.9,(3.4k),3.4k,13.1k,215,47,348,8
RSPL Group,FMCG | Kanpur +258 other locations,4.1,(3.4k),3.4k,9.7k,265,53,301,8
TVS Credit Services Ltd,NBFC | Chennai +444 other locations,4.2,(3.4k),3.4k,7.5k,168,56,201,12
Ford Motor,Automobile | Chennai +130 other locations,4.2,(3.4k),3.4k,15.6k,176,6,401,12
NatWest Group,Banking | Gurugram +29 other locations,3.9,(3.4k),3.4k,21.8k,240,71,367,11
AGS Health,Analytics & KPO | Chennai +64 other locations,4.0,(3.4k),3.4k,14.9k,221,46,279,--
HARMAN,Consumer Electronics & Appliances | Bengaluru +42 other locations,3.8,(3.3k),3.3k,24.2k,296,157,104,3
Alstom Transportation,Engineering & Construction | Bengaluru +80 other locations,3.7,(3.3k),3.3k,15.8k,284,201,181,8
Croma,Retail | Mumbai +191 other locations,3.8,(3.3k),3.3k,9.6k,192,67,192,9
Conduent,BPO | Bengaluru +36 other locations,3.4,(3.3k),3.3k,17.4k,241,472,369,10
Niva Bupa Health Insurance Company,Insurance | New Delhi +323 other locations,4.0,(3.3k),3.3k,8.7k,382,86,123,13
InterGlobe Aviation,Aviation | New Delhi +104 other locations,3.4,(3.3k),3.3k,13.8k,379,25,322,5
Indian Air Force,Defence & Aerospace | New Delhi +134 other locations,4.6,(3.3k),3.3k,5.3k,86,2,357,--
Tata Technologies,Automobile | Pune +57 other locations,3.4,(3.3k),3.3k,23.4k,316,194,315,14
Tata AIG,Insurance | Mumbai +262 other locations,4.0,(3.3k),3.3k,11.8k,196,65,249,6
Canara HSBC Life Insurance,Insurance | Gurugram +366 other locations,4.1,(3.3k),3.3k,6.5k,579,--,187,10
GeBBS Healthcare Solutions,BPO | Mumbai +26 other locations,3.8,(3.3k),3.3k,11.4k,186,68,295,11
UPL,Agro Chemicals | Ankleshwar +185 other locations,4.1,(3.2k),3.2k,11.2k,225,40,295,2
Sagility,BPO | Bengaluru +28 other locations,3.9,(3.2k),3.2k,12.9k,253,85,59,85
Tata AutoComp Systems,Auto Components | Pune +78 other locations,3.7,(3.2k),3.2k,10.9k,219,69,183,5
PepsiCo,Food Processing | Hyderabad +280 other locations,4.0,(3.2k),3.2k,14.2k,251,181,250,18
Allcargo Logistics,Logistics | Mumbai +175 other locations,3.8,(3.2k),3.2k,7.1k,139,25,338,10
Max Healthcare,Healthcare | New Delhi +78 other locations,4.0,(3.2k),3.2k,10.6k,195,136,283,26
Jindal Stainless,Iron & Steel | Jajpur +77 other locations,4.2,(3.2k),3.2k,11.9k,329,122,197,12
Mankind Pharma,Pharma | New Delhi +247 other locations,3.8,(3.2k),3.2k,9.8k,261,5,253,14
Titan Company,Retail | Bengaluru +185 other locations,4.2,(3.2k),3.2k,9.8k,211,81,336,16
Amazon Transportation Services,Logistics | Hyderabad +223 other locations,4.2,(3.2k),3.2k,8.6k,261,--,250,23
Dilip Buildcon,Engineering & Construction | Bhopal +230 other locations,3.9,(3.2k),3.2k,8k,192,10,301,26
Walmart,Retail | Bengaluru +91 other locations,3.5,(3.1k),3.1k,24.2k,447,249,323,12
Varroc Group,Auto Components | Pune +63 other locations,3.6,(3.1k),3.1k,9.7k,226,21,234,5
Societe Generale Global Solution Centre,IT Services & Consulting | Bengaluru +23 other locations,3.6,(3.1k),3.1k,23.5k,305,42,297,--
S&P Global,Analytics & KPO | Hyderabad +48 other locations,4.0,(3.1k),3.1k,21k,336,178,217,--
Marpu Foundation,Non-Profit | Hyderabad +61 other locations,4.9,(3.1k),3.1k,61,266,--,8,5
MSN Laboratories,Pharma | Hyderabad +106 other locations,3.6,(3.1k),3.1k,9.6k,180,38,158,7
Quest Global,IT Services & Consulting | Bengaluru +49 other locations,3.5,(3.1k),3.1k,22.1k,368,202,196,11
Afcons Infrastructure,Engineering & Construction | Mumbai +124 other locations,4.2,(3.1k),3.1k,8.7k,273,36,316,14
Ola Electric Mobility,Automobile | Bengaluru +442 other locations,3.3,(3.1k),3.1k,9.7k,312,--,83,29
Torrent Pharmaceuticals,Pharma | Ahmedabad +131 other locations,4.0,(3.1k),3.1k,10.5k,173,33,314,3
ESAF Small Finance Bank,Banking | Thrissur +458 other locations,3.6,(3.1k),3.1k,7.8k,175,60,107,23
IDFC FIRST Bharat,Financial Services | Chennai +443 other locations,4.2,(3.1k),3.1k,5.2k,156,11,75,2
DS Group,FMCG | Noida +287 other locations,4.1,(3k),3k,7.4k,233,46,218,7
HDFC Sales,Financial Services | Mumbai +351 other locations,3.9,(3k),3k,8.2k,198,33,193,2
Future Group,Retail | Mumbai +207 other locations,4.2,(3k),3k,6.3k,84,--,423,3
Square Yards,Internet | Gurugram +51 other locations,3.5,(3k),3k,9.5k,234,99,237,37
Tata Elxsi,IT Services & Consulting | Bengaluru +31 other locations,3.4,(3k),3k,24.2k,345,87,204,8
Zensar Technologies,IT Services & Consulting | Pune +29 other locations,3.7,(3k),3k,25.8k,285,446,246,24
Bharat Financial Inclusion,Financial Services | Hyderabad +509 other locations,3.7,(3k),3k,5.5k,127,1,180,24
CMS IT Services,IT Services & Consulting | Mumbai +153 other locations,3.1,(3k),3k,9.4k,161,58,195,7
Suzlon Group,Power | Pune +145 other locations,4.0,(3k),3k,7.8k,183,23,327,5
I Process Services,Recruitment | Mumbai +405 other locations,3.8,(3k),3k,5.6k,140,--,128,4
Indus Towers,Telecom | Gurugram +243 other locations,3.6,(3k),3k,9.4k,229,56,205,11
Tata Electronics,Semiconductors | Hosur +59 other locations,3.9,(3k),3k,12.6k,286,116,70,6
ACC,Building Material | Mumbai +275 other locations,3.9,(3k),3k,9k,238,13,275,5
Fujitsu,IT Services & Consulting | Pune +41 other locations,3.8,(3k),3k,17.8k,214,115,194,19
VVDN Technologies,IT Services & Consulting | Gurugram +51 other locations,3.6,(3k),3k,14.1k,264,9,131,12
Eternal Limited,Internet | Gurugram +219 other locations,3.6,(3k),3k,15k,366,21,223,12
Zepto,Internet | Bengaluru +107 other locations,3.6,(2.9k),2.9k,10.4k,472,42,39,13
IKS Health,BPO | Mumbai +31 other locations,3.6,(2.9k),2.9k,11.7k,271,12,232,14
Shoppers Stop,Retail | Mumbai +85 other locations,4.0,(2.9k),2.9k,7k,149,36,320,17
Nokia,Telecom | Bengaluru +165 other locations,4.0,(2.9k),2.9k,17.2k,331,137,545,15
Yazaki,Auto Components | Pune +94 other locations,3.9,(2.9k),2.9k,9.2k,194,2,259,2
Apollo Tyres,Auto Components | Chennai +179 other locations,4.0,(2.9k),2.9k,10k,155,16,323,7
Shree Cement,Building Material | Beawar +261 other locations,3.8,(2.9k),2.9k,10k,234,11,221,15
Fiserv,FinTech | Pune +33 other locations,2.8,(2.9k),2.9k,17.8k,199,26,319,11
Britannia,FMCG | Pune +306 other locations,4.0,(2.8k),2.8k,8.4k,240,19,251,8
Landmark Group,Retail | Bengaluru +175 other locations,3.8,(2.8k),2.8k,9.6k,179,6,267,9
Dalmia Bharat Cement,Building Material | Guwahati +256 other locations,3.9,(2.8k),2.8k,5.7k,208,1,248,16
SRF,Chemicals | Bharuch +67 other locations,4.1,(2.8k),2.8k,9.2k,212,14,253,5
UnitedHealth,Healthcare | Hyderabad +18 other locations,4.0,(2.8k),2.8k,13.8k,84,--,432,--
Blue Dart Express Ltd,Logistics | Mumbai +279 other locations,3.9,(2.8k),2.8k,6.9k,135,10,237,9
Kansai Nerolac Paints,Chemicals | Mumbai +261 other locations,3.8,(2.8k),2.8k,8k,198,66,196,6
Nestlé,FMCG | Gurugram +282 other locations,3.7,(2.8k),2.8k,10.2k,288,20,321,19
Exl India,Logistics | New Delhi +45 other locations,3.5,(2.8k),2.8k,17.8k,135,--,168,1
ZS,Management Consulting | Pune +17 other locations,3.1,(2.8k),2.8k,21.8k,530,129,266,23
Exide Industries,Auto Components | Kolkata +198 other locations,3.4,(2.8k),2.8k,8.9k,221,54,244,6
Shell,Oil & Gas | Bengaluru +91 other locations,3.9,(2.8k),2.8k,14.3k,239,44,261,8
Star Health & Allied Insurance,Insurance | Chennai +336 other locations,3.5,(2.7k),2.7k,10.4k,159,22,171,17
Physicswallah,EdTech | Noida +139 other locations,3.6,(2.7k),2.7k,9.2k,301,375,40,11
KPMG Global Services,Management Consulting | Bengaluru +38 other locations,3.4,(2.7k),2.7k,24.4k,271,46,9,--
Flex,Electronics Manufacturing | Chennai +46 other locations,3.9,(2.7k),2.7k,15.7k,215,49,439,14
Foxconn,Electronics Manufacturing | Chennai +64 other locations,3.8,(2.7k),2.7k,11.7k,242,79,177,3
TVS Supply Chain Solutions,Logistics | Chennai +155 other locations,3.8,(2.7k),2.7k,8.6k,162,15,197,21
Micro Labs,Pharma | Bengaluru +155 other locations,3.6,(2.7k),2.7k,9.9k,156,22,208,2
ElasticRun,Logistics | Pune +390 other locations,3.6,(2.7k),2.7k,6.3k,278,6,226,45
KFintech,Financial Services | Hyderabad +113 other locations,3.4,(2.7k),2.7k,11.2k,180,22,53,2
Whitehat jr,EdTech | Mumbai +48 other locations,3.3,(2.7k),2.7k,9k,265,--,944,3
Capita,BPO | Pune +32 other locations,3.5,(2.7k),2.7k,12.6k,169,38,331,3
G4S,Law Enforcement & Security | Gurugram +165 other locations,4.0,(2.7k),2.7k,5.2k,134,819,240,15
Ajanta Pharma,Pharma | Mumbai +118 other locations,3.9,(2.7k),2.7k,9k,170,18,216,10
Blue Star,Consumer Electronics & Appliances | Mumbai +148 other locations,4.0,(2.7k),2.7k,9.9k,200,75,241,18
Voltas,Consumer Electronics & Appliances | Mumbai +203 other locations,4.0,(2.6k),2.6k,8.6k,177,33,258,1
Care Health Insurance,Insurance | Gurugram +251 other locations,3.5,(2.6k),2.6k,8.8k,165,45,167,2
Movate,IT Services & Consulting | Chennai +38 other locations,3.1,(2.6k),2.6k,15.3k,297,119,6,24
Gallagher,Insurance | Bengaluru +29 other locations,3.6,(2.6k),2.6k,14.7k,279,131,126,1
Sonalika Tractors,Automobile | Hoshiarpur +195 other locations,3.5,(2.6k),2.6k,9.1k,177,--,174,4
Photon Interactive,IT Services & Consulting | Chennai +19 other locations,4.1,(2.6k),2.6k,7.6k,140,725,123,--
BlackBuck,Internet | Bengaluru +362 other locations,3.7,(2.6k),2.6k,6.4k,217,26,247,13
Tata Advanced Systems,Defence & Aerospace | Bengaluru +58 other locations,3.7,(2.6k),2.6k,13.2k,191,--,140,6
NoBroker,Internet | Bengaluru +46 other locations,3.0,(2.6k),2.6k,11k,288,319,358,25
DBS Bank,Banking | Hyderabad +179 other locations,3.7,(2.6k),2.6k,13.4k,202,303,194,11
Adani Power,Power | Mundra +129 other locations,3.7,(2.6k),2.6k,10.1k,326,--,169,9
ACT Fibernet,Telecom | Hyderabad +57 other locations,3.8,(2.6k),2.6k,7.9k,166,151,259,16
Domino's Pizza,Hospitality | New Delhi +252 other locations,3.9,(2.6k),2.6k,4.2k,136,--,396,16
Foundever,BPO | Hyderabad +21 other locations,3.4,(2.6k),2.6k,9k,187,41,204,14
Fortis Healthcare,Healthcare | New Delhi +69 other locations,4.0,(2.6k),2.6k,7.7k,197,993,143,3
IntouchCX,BPO | Hyderabad +22 other locations,2.7,(2.6k),2.6k,10.4k,241,179,153,17
Himalaya Wellness,Pharma | Bengaluru +243 other locations,3.9,(2.6k),2.6k,6k,152,35,259,9
BT Group,Telecom | Gurugram +26 other locations,3.8,(2.6k),2.6k,12k,232,23,273,24
Laurus Labs,Pharma | Visakhapatnam +34 other locations,4.3,(2.6k),2.6k,7.3k,158,6,214,11
Sahrudaya Healthcare (Medicover Hospitals),Healthcare | Hyderabad +46 other locations,4.4,(2.6k),2.6k,3.6k,147,19,1,4
V-Mart,Retail | Gurugram +286 other locations,4.0,(2.5k),2.5k,4.4k,196,28,217,15
Alldigi Tech,BPO | Chennai +36 other locations,3.9,(2.5k),2.5k,7.6k,236,20,113,33
JCB,Industrial Machinery | Pune +111 other locations,3.8,(2.5k),2.5k,9.9k,174,--,236,8
Sterlite Technologies,Hardware & Networking | Chhatrapati Sambhajinagar +100 other locations,3.8,(2.5k),2.5k,10.1k,186,126,211,10
Northern Trust Operating Services,Financial Services | Bengaluru +27 other locations,3.6,(2.5k),2.5k,17.8k,244,122,229,13
Bajaj Electricals,Consumer Electronics & Appliances | Mumbai +233 other locations,3.9,(2.5k),2.5k,7.2k,154,22,292,6
Sammaan Capital Limited,NBFC | Gurugram +199 other locations,3.7,(2.5k),2.5k,5.8k,114,21,121,2
Tractors and Farm Equipment,Industrial Machinery | Chennai +191 other locations,3.9,(2.5k),2.5k,8.5k,137,40,278,9
Parle Agro,Beverage | Mumbai +259 other locations,3.9,(2.5k),2.5k,7.1k,150,1,214,9
Adani Group,Power | Ahmedabad +201 other locations,3.8,(2.5k),2.5k,11.3k,307,555,109,8
Planet Spark,EdTech | Gurugram +59 other locations,3.8,(2.5k),2.5k,3.8k,602,69,196,1
ICICI Securities,Financial Services | Mumbai +151 other locations,3.9,(2.5k),2.5k,9.7k,199,8,192,4
CorroHealth Infotech,Analytics & KPO | Hyderabad +38 other locations,3.6,(2.5k),2.5k,7.8k,286,52,10,18
Emcure Pharmaceuticals,Pharma | Pune +119 other locations,3.6,(2.5k),2.5k,8.5k,131,66,238,13
Biocon Limited,Biotechnology | Bengaluru +65 other locations,4.0,(2.5k),2.5k,11.6k,189,36,5,1
McDonald's,Hospitality | New Delhi +151 other locations,3.9,(2.4k),2.4k,5k,160,--,413,6
Hero FinCorp,NBFC | New Delhi +395 other locations,3.9,(2.4k),2.4k,5.8k,124,55,129,2
Intellect Design Arena,Software Product | Chennai +40 other locations,3.5,(2.4k),2.4k,14k,183,25,118,8
Paras Hospital,Healthcare | Patna +60 other locations,4.1,(2.4k),2.4k,3.2k,101,78,128,43
TaskUs,BPO | Indore +37 other locations,3.0,(2.4k),2.4k,10k,232,264,124,15
Datamatics Global Services,IT Services & Consulting | Mumbai +37 other locations,3.4,(2.4k),2.4k,11.7k,184,68,185,5
Mahindra Holidays & Resorts,Hospitality | Mumbai +113 other locations,3.5,(2.4k),2.4k,6k,133,64,202,16
Mahindra Rural Housing Finance,NBFC | Mumbai +471 other locations,4.0,(2.4k),2.4k,4.8k,105,13,183,6
Patanjali Ayurved,FMCG | Haridwar +297 other locations,3.9,(2.4k),2.4k,5.8k,138,--,248,3
Cadila Pharmaceuticals,Pharma | Ahmedabad +136 other locations,3.2,(2.4k),2.4k,8.1k,163,100,174,13
Statestreet HCL Services,BPO | Chennai +18 other locations,3.4,(2.4k),2.4k,12.9k,221,--,201,--
Syngene International,Clinical Research | Bengaluru +22 other locations,3.8,(2.4k),2.4k,12.7k,191,8,219,16
GAO Tek,Electrical Equipment | New York +44 other locations,4.4,(2.4k),2.4k,264,650,--,52,1
Aditya Birla Group,Metals & Mining | Mumbai +272 other locations,4.1,(2.4k),2.4k,10.2k,244,2,251,15
Taj Hotels Resorts and Palaces,Hospitality | Mumbai +112 other locations,4.2,(2.4k),2.4k,4.9k,164,240,180,5
Cholamandalam MS General Insurance,Insurance | Chennai +394 other locations,3.7,(2.4k),2.4k,5.9k,115,20,169,4
3i Infotech,IT Services & Consulting | Mumbai +131 other locations,3.4,(2.4k),2.4k,10.7k,168,76,150,3
Bureau Veritas,Other | Mumbai +150 other locations,3.8,(2.4k),2.4k,8.3k,147,47,183,12
Info Edge,Internet | Noida +70 other locations,3.9,(2.4k),2.4k,11.4k,385,389,301,28
Axis Direct,Financial Services | Mumbai +270 other locations,3.7,(2.4k),2.4k,4.6k,88,53,228,--
Capgemini Engineering,IT Services & Consulting | Bengaluru +28 other locations,3.3,(2.4k),2.4k,13.5k,403,--,140,4
RMSI,IT Services & Consulting | Hyderabad +25 other locations,3.5,(2.4k),2.4k,9.2k,195,9,185,4
Delhi Public School,Education & Training | New Delhi +277 other locations,3.7,(2.4k),2.4k,5.3k,160,114,259,8
Newgen Software Technologies,IT Services & Consulting | Noida +32 other locations,4.1,(2.4k),2.4k,11.7k,209,51,147,8
Aavas Financiers,NBFC | Jaipur +295 other locations,3.9,(2.4k),2.4k,5.8k,123,269,139,8
Cybage,IT Services & Consulting | Pune +15 other locations,3.7,(2.3k),2.3k,17.3k,213,21,272,4
KocharTech,IT Services & Consulting | Kolkata +25 other locations,3.6,(2.3k),2.3k,3.8k,83,52,582,6
Xoriant,IT Services & Consulting | Pune +23 other locations,4.0,(2.3k),2.3k,11.6k,236,27,413,48
Straive,IT Services & Consulting | Chennai +32 other locations,3.3,(2.3k),2.3k,10.6k,225,89,124,15
Sopra Steria,IT Services & Consulting | Noida +19 other locations,3.9,(2.3k),2.3k,14.3k,185,57,241,8
Lodha,Real Estate | Mumbai +29 other locations,4.2,(2.3k),2.3k,8.9k,176,201,179,9
Kia India,Automobile | Anantapur +190 other locations,3.9,(2.3k),2.3k,8.3k,181,94,170,14
Apollo Pharmacy,Pharma | Hyderabad +289 other locations,3.7,(2.3k),2.3k,7.1k,194,1k,132,6
Akums Drugs & Pharmaceuticals Limited,Pharma | Haridwar +40 other locations,4.2,(2.3k),2.3k,6.3k,335,33,150,22
GVK Emergency Management and Research Institute,Non-Profit | Lucknow +216 other locations,3.6,(2.3k),2.3k,4.6k,121,71,181,7
Sobha,Real Estate | Bengaluru +39 other locations,3.8,(2.3k),2.3k,8.4k,167,38,222,9
TCE,Engineering & Construction | Mumbai +133 other locations,3.8,(2.3k),2.3k,9.9k,301,63,168,9
Eureka Forbes,Consumer Electronics & Appliances | Mumbai +185 other locations,3.6,(2.3k),2.3k,5.6k,94,6,231,5
Lifestyle,Retail | Bengaluru +129 other locations,4.2,(2.3k),2.3k,6.8k,87,14,279,11
SBI Securities,Financial Services | Mumbai +321 other locations,3.6,(2.3k),2.3k,6.9k,189,61,110,21
Bharat Petroleum,Oil & Gas | Mumbai +263 other locations,4.2,(2.3k),2.3k,7.4k,191,--,195,16
Endurance Technologies Limited,Auto Components | Chhatrapati Sambhajinagar +51 other locations,4.0,(2.3k),2.3k,8k,141,14,236,1
Myntra,Internet | Bengaluru +101 other locations,3.8,(2.3k),2.3k,10.7k,361,9,312,37
Team Computers,IT Services & Consulting | New Delhi +108 other locations,3.6,(2.3k),2.3k,8.7k,201,164,116,1
Panasonic Life Solutions India,Consumer Electronics & Appliances | Mumbai +168 other locations,3.9,(2.3k),2.3k,7k,99,12,108,6
Radisson Hotels,Hospitality | New Delhi +131 other locations,4.0,(2.3k),2.3k,5.2k,106,249,313,12
Unacademy,EdTech | Bengaluru +73 other locations,2.9,(2.3k),2.3k,10.3k,239,15,154,41
Daikin Airconditioning India Pvt. Ltd.,Consumer Electronics & Appliances | Neemrana +108 other locations,4.2,(2.3k),2.3k,8k,216,3,148,2
Star Union Dai-ichi Life Insurance,Insurance | Mumbai +327 other locations,3.8,(2.3k),2.3k,5.4k,139,6,98,23
BNP Paribas,Banking | Mumbai +27 other locations,3.7,(2.2k),2.2k,19k,220,37,178,8
AWL Agri Business,FMCG | Ahmedabad +204 other locations,4.0,(2.2k),2.2k,7.1k,142,7,178,8
Bharti AXA Life Insurance,Insurance | Mumbai +244 other locations,3.6,(2.2k),2.2k,5k,154,957,174,10
SBI General Insurance,Insurance | Mumbai +294 other locations,3.5,(2.2k),2.2k,6.6k,136,39,134,6
Cisco,Hardware & Networking | Bengaluru +46 other locations,4.1,(2.2k),2.2k,19.2k,419,236,225,19
Henry Harvin Education,EdTech | Noida +34 other locations,4.0,(2.2k),2.2k,957,117,54,74,2
Renault Nissan Technology & Business Centre India,Automobile | Chennai +21 other locations,3.7,(2.2k),2.2k,15.2k,157,12,210,--
Lava International,Consumer Electronics & Appliances | Noida +223 other locations,3.9,(2.2k),2.2k,4.3k,88,5,305,3
Sify Technologies,IT Services & Consulting | Chennai +135 other locations,3.6,(2.2k),2.2k,10k,148,50,157,4
Whirlpool,Consumer Electronics & Appliances | Pune +171 other locations,4.0,(2.2k),2.2k,8k,120,17,203,9
Coromandel International,Agro Chemicals | Visakhapatnam +186 other locations,4.1,(2.2k),2.2k,7.7k,128,29,220,3
Allstate,Insurance | Pune +17 other locations,3.7,(2.2k),2.2k,12.4k,157,22,188,6
ValueLabs,IT Services & Consulting | Hyderabad +20 other locations,3.5,(2.2k),2.2k,16.3k,217,148,267,11
GlaxoSmithKline Pharmaceuticals,Pharma | Bengaluru +215 other locations,4.1,(2.2k),2.2k,5.8k,128,15,112,1
Ambuja Cements,Building Material | Mumbai +261 other locations,3.8,(2.2k),2.2k,6k,168,--,213,6
Indian Railways,Railways | Kolkata +250 other locations,4.2,(2.2k),2.2k,3.5k,115,--,163,18
Shahi Exports,Fashion & Textile | Bengaluru +71 other locations,3.9,(2.2k),2.2k,6.9k,126,58,230,25
Meesho,Internet | Bengaluru +132 other locations,3.7,(2.2k),2.2k,9.8k,438,49,300,13
Mercedes-Benz Research and Development India,IT Services & Consulting | Bengaluru +52 other locations,3.6,(2.2k),2.2k,18.3k,209,--,197,7
Bank of Baroda,Banking | Mumbai +301 other locations,3.5,(2.2k),2.2k,7k,123,--,154,15
Nokia Networks,Hardware & Networking | Bengaluru +86 other locations,4.1,(2.2k),2.2k,10.4k,128,2,10,--
Poonawalla Fincorp,NBFC | Pune +266 other locations,3.5,(2.2k),2.2k,6.1k,87,13,133,--
Spark Minda,Auto Components | Pune +76 other locations,3.8,(2.2k),2.2k,7.3k,161,17,42,18
Generali Central Life Insurance,Insurance | Mumbai +207 other locations,3.5,(2.1k),2.1k,6.6k,122,35,166,7
Life Insurance Corporation of India,Insurance | New Delhi +478 other locations,4.4,(2.1k),2.1k,4.6k,106,4,246,22
Brakes India,Auto Components | Chennai +100 other locations,3.9,(2.1k),2.1k,7.1k,110,41,215,2
upGrad,EdTech | Bengaluru +51 other locations,3.3,(2.1k),2.1k,9.4k,217,32,130,18
JK Tyre,Auto Components | Chennai +148 other locations,3.8,(2.1k),2.1k,7k,167,11,194,4
Cargill,Food Processing | Bengaluru +122 other locations,3.9,(2.1k),2.1k,8.7k,113,100,149,7
Microsoft Corporation,Software Product | Bengaluru +46 other locations,3.8,(2.1k),2.1k,31.6k,629,--,199,7
Saint-Gobain,Building Material | Mumbai +104 other locations,3.8,(2.1k),2.1k,12k,214,104,248,9
Manipal Hospitals,Healthcare | Bengaluru +66 other locations,4.0,(2.1k),2.1k,7.3k,140,60,140,4
FirstCry,Retail | Pune +213 other locations,3.5,(2.1k),2.1k,9k,217,24,72,13
Jio Platforms,IT Services & Consulting | Mumbai +105 other locations,3.4,(2.1k),2.1k,14.9k,269,--,66,--
CAMS,Financial Services | Chennai +109 other locations,3.6,(2.1k),2.1k,8.9k,152,25,53,6
Power Mech Projects,Engineering & Construction | Hyderabad +151 other locations,3.8,(2.1k),2.1k,6.9k,126,3,160,5
Nuvoco Vistas,Building Material | Kolkata +202 other locations,4.1,(2.1k),2.1k,7.2k,134,26,134,5
BHEL,Electrical Equipment | Bengaluru +134 other locations,4.2,(2.1k),2.1k,5.4k,138,53,233,11
Kotak Securities,Financial Services | Mumbai +142 other locations,3.5,(2.1k),2.1k,9.5k,147,33,153,3
NTT DATA Business Solutions,IT Services & Consulting | Bengaluru +32 other locations,4.1,(2.1k),2.1k,13.1k,276,50,15,59
Force Motors,Automobile | Pune +106 other locations,3.7,(2.1k),2.1k,8.3k,146,44,156,5
Pfizer,Pharma | Visakhapatnam +133 other locations,3.9,(2.1k),2.1k,5.9k,91,61,279,6
Infinite Computer Solutions,IT Services & Consulting | Bengaluru +36 other locations,3.2,(2.1k),2.1k,15.7k,177,303,108,19
CitiusTech,IT Services & Consulting | Mumbai +17 other locations,3.1,(2.1k),2.1k,14.7k,321,14,167,15
Huawei Technologies,Telecom | Bengaluru +104 other locations,4.1,(2.1k),2.1k,7.9k,121,34,289,1
"Maruti Suzuki India Limited, Hansalpur",Automobile | Ahmedabad +108 other locations,4.2,(2.1k),2.1k,6.8k,234,760,116,2
Simplex Infrastructures,Engineering & Construction | Kolkata +137 other locations,3.4,(2.1k),2.1k,4.4k,85,--,286,--
IndusInd General Insurance,Insurance | Mumbai +197 other locations,3.6,(2.1k),2.1k,7.2k,104,10,135,2
ITC Hotels,Hospitality | Bengaluru +94 other locations,4.1,(2.1k),2.1k,5.4k,107,--,200,15
Reliance Trends,Retail | Bengaluru +396 other locations,4.1,(2.1k),2.1k,4.2k,125,--,220,31
Biological E,Pharma | Hyderabad +74 other locations,4.2,(2.1k),2.1k,7.1k,146,27,224,--
Raymond Lifestyle Limited,Fashion & Textile | Mumbai +150 other locations,4.1,(2.1k),2.1k,6.3k,117,19,231,9
Morgan Stanley,Financial Services | Mumbai +19 other locations,3.6,(2.1k),2.1k,27.8k,342,5,154,8
Ola Cabs,Internet | Bengaluru +112 other locations,3.3,(2.1k),2.1k,8.9k,156,8,228,10
Delphi TVS,Auto Components | Chennai +61 other locations,3.8,(2.1k),2.1k,5.6k,102,2,193,--
SGS,Engineering & Construction | Mumbai +148 other locations,3.7,(2.1k),2.1k,6.5k,130,104,182,1
EPAM Systems,IT Services & Consulting | Hyderabad +36 other locations,3.7,(2.1k),2.1k,24.3k,654,55,135,7
Renault-Nissan,Automobile | Chennai +85 other locations,4.1,(2k),2k,7.5k,128,--,268,9
Extramarks Education,EdTech | Noida +112 other locations,3.3,(2k),2k,7.4k,177,3,145,2
K12 Techno Services,EdTech | Bengaluru +43 other locations,3.7,(2k),2k,5.3k,438,331,67,1
YASH Technologies,IT Services & Consulting | Hyderabad +32 other locations,3.6,(2k),2k,16.3k,174,513,177,35
Aditya Birla Health Insurance Co,Insurance | Mumbai +255 other locations,3.7,(2k),2k,7.3k,131,1,97,1
Narayana Health,Healthcare | Bengaluru +65 other locations,4.0,(2k),2k,6.1k,96,95,146,--
Novartis,Pharma | Hyderabad +75 other locations,4.1,(2k),2k,10.4k,171,101,230,16
Senco Gold,Jewellery | Kolkata +83 other locations,4.4,(2k),2k,1.6k,634,2,35,9
IDBI Bank,Banking | Mumbai +337 other locations,3.3,(2k),2k,6.5k,87,--,140,7
Shadowfax Technologies,Logistics | Bengaluru +247 other locations,3.5,(2k),2k,7.8k,170,47,84,18
Trent,Retail | Mumbai +150 other locations,3.9,(2k),2k,5k,111,31,138,8
HSBC Electronic Data Processing,IT Services & Consulting | Bengaluru +19 other locations,4.0,(2k),2k,8.4k,91,--,1,1
SAP,Software Product | Bengaluru +53 other locations,4.1,(2k),2k,18.2k,322,206,285,22
Haier Appliances India,Consumer Electronics & Appliances | Pune +164 other locations,4.0,(2k),2k,7.2k,168,36,172,6
Honeywell Automation,Industrial Automation | Pune +78 other locations,3.8,(2k),2k,12.5k,138,--,162,--
AECOM,Engineering & Construction | Gurugram +123 other locations,4.2,(2k),2k,7.2k,153,253,244,14
Ninjacart,Internet | Bengaluru +114 other locations,3.8,(2k),2k,5k,104,21,138,23
Schindler,Industrial Machinery | Pune +90 other locations,3.9,(2k),2k,6.2k,123,83,195,3
L&T Energy Hydrocarbon,Engineering & Construction | Vadodara +88 other locations,3.8,(2k),2k,8.5k,118,--,204,9
R.R. Donnelley,Marketing & Advertising | Chennai +26 other locations,3.6,(2k),2k,10.2k,130,11,247,1
State Street Syntel,Financial Services | Pune +21 other locations,3.7,(2k),2k,6.6k,80,--,281,--
Motherson Automotive Technologies and Engineering,Auto Components | Chennai +66 other locations,3.7,(2k),2k,7.7k,161,--,153,1
Paisabazaar.com,Internet | Gurugram +35 other locations,3.4,(2k),2k,7k,172,63,103,25
NCR Voyix,IT Services & Consulting | Hyderabad +89 other locations,3.4,(2k),2k,9.5k,143,32,174,--
V-Guard,Consumer Electronics & Appliances | Kochi +170 other locations,4.3,(1.9k),1.9k,4.6k,121,27,277,19
Globiva,BPO | Gurugram +30 other locations,3.0,(1.9k),1.9k,5.4k,140,224,86,11
Uflex,Packaging | Noida +48 other locations,3.8,(1.9k),1.9k,6.9k,132,58,121,9
Dr Lal PathLabs,Healthcare | New Delhi +201 other locations,4.2,(1.9k),1.9k,4.5k,190,116,195,3
CMS Infosystems,Software Product | Mumbai +223 other locations,3.5,(1.9k),1.9k,4.9k,82,10,105,6
Spinny,Internet | Gurugram +62 other locations,3.6,(1.9k),1.9k,7.8k,214,59,106,--
CNH (Case New Holland),Industrial Machinery | Gurugram +139 other locations,3.7,(1.9k),1.9k,6.1k,140,27,165,32
Microland,IT Services & Consulting | Bengaluru +46 other locations,3.5,(1.9k),1.9k,10.8k,146,118,158,5
Provana,BPO | Noida +11 other locations,4.0,(1.9k),1.9k,4.4k,240,35,279,4
Crisil,Analytics & KPO | Mumbai +81 other locations,3.5,(1.9k),1.9k,13.7k,216,688,224,--
Philips,Medical Equipment | Bengaluru +97 other locations,3.8,(1.9k),1.9k,11.2k,178,124,182,9
Adecco Group,Recruitment | Bengaluru +185 other locations,3.8,(1.9k),1.9k,7.4k,121,--,141,1
Gabriel India Limited,Auto Components | Pune +52 other locations,4.1,(1.9k),1.9k,5.8k,132,3,253,3
Aye Finance,NBFC | Gurugram +377 other locations,4.1,(1.9k),1.9k,3.6k,101,98,120,16
Aadhar Housing Finance,NBFC | Mumbai +330 other locations,4.0,(1.9k),1.9k,5.2k,121,12,102,12
Parle Products,FMCG | Mumbai +247 other locations,3.9,(1.9k),1.9k,3.5k,126,43,203,3
HTC Global Services,IT Services & Consulting | Chennai +32 other locations,3.4,(1.9k),1.9k,13.3k,167,6,108,--
Angel One,FinTech | Mumbai +133 other locations,3.5,(1.9k),1.9k,7.8k,171,52,156,4
DHL Supply Chain,Logistics | Mumbai +100 other locations,4.2,(1.9k),1.9k,6.3k,127,216,139,25
TELUS Digital,IT Services & Consulting | Noida +27 other locations,3.5,(1.9k),1.9k,10.5k,145,26,39,--
Tata Power,Power | Mumbai +155 other locations,3.9,(1.9k),1.9k,7.5k,220,12,136,11
G R Infraprojects,Engineering & Construction | Gurugram +160 other locations,4.1,(1.9k),1.9k,5.4k,166,39,160,4
Google,Software Product | Bengaluru +86 other locations,4.4,(1.9k),1.9k,35.5k,1k,435,137,19
Thomson Reuters,Software Product | Bengaluru +27 other locations,3.7,(1.9k),1.9k,10.9k,141,101,227,--
Trident Group,Fashion & Textile | Barnala +58 other locations,3.2,(1.9k),1.9k,5.5k,138,35,125,20
Iris Software,IT Services & Consulting | Noida +23 other locations,3.8,(1.9k),1.9k,8.1k,208,441,249,10
ICICI Home Finance,Financial Services | Mumbai +221 other locations,3.7,(1.9k),1.9k,5.6k,103,10,90,4
NTPC,Power | New Delhi +124 other locations,4.2,(1.9k),1.9k,4.4k,191,--,181,15
Lucas-TVS,Auto Components | Chennai +78 other locations,3.9,(1.9k),1.9k,6.1k,94,16,212,5
Safexpress,Logistics | New Delhi +158 other locations,3.9,(1.9k),1.9k,5.7k,129,6,151,32
Verizon,Telecom | Hyderabad +12 other locations,3.5,(1.9k),1.9k,12k,136,--,203,5
CSB Bank,Banking | Mumbai +236 other locations,3.2,(1.9k),1.9k,7k,108,1.6k,48,5
Infinx,Software Product | Hyderabad +35 other locations,3.7,(1.9k),1.9k,5.5k,209,30,74,--
Tekwissen,IT Services & Consulting | Visakhapatnam +5 other locations,4.9,(1.9k),1.9k,606,341,442,3,12
PI Industries,Agro Chemicals | Vadodara +108 other locations,3.8,(1.9k),1.9k,6.9k,141,10,166,9
NeoSOFT,IT Services & Consulting | Mumbai +25 other locations,3.3,(1.9k),1.9k,10.9k,301,49,102,39
Torrent Power,Power | Ahmedabad +61 other locations,3.8,(1.9k),1.9k,7.8k,168,85,157,5
Godrej Properties,Real Estate | Mumbai +34 other locations,3.6,(1.9k),1.9k,9.1k,134,--,111,10
Hindustan Aeronautics,Defence & Aerospace | Bengaluru +64 other locations,4.3,(1.9k),1.9k,4.5k,91,--,176,2
Polycab Wires,Electrical Equipment | Vadodara +167 other locations,4.0,(1.9k),1.9k,7.4k,136,87,91,7
Tata Tele Business Services,Telecom | Mumbai +136 other locations,3.5,(1.9k),1.9k,4.5k,57,48,275,16
Jindal Saw,Iron & Steel | Mundra +77 other locations,4.0,(1.9k),1.9k,6.8k,149,48,183,3
TVS Sundram Fasteners,Auto Components | Chennai +64 other locations,3.6,(1.9k),1.9k,6.7k,95,16,204,4
Medi Assist India,Insurance | Bengaluru +67 other locations,3.5,(1.9k),1.9k,7.4k,141,15,143,1
Aragen Life Sciences,Clinical Research | Hyderabad +29 other locations,3.9,(1.9k),1.9k,6.6k,129,93,300,18
AXA Global Business Services,IT Services & Consulting | Pune +12 other locations,3.7,(1.9k),1.9k,7.2k,105,8,171,5
KENT RO Systems,Consumer Electronics & Appliances | Noida +152 other locations,3.7,(1.8k),1.8k,4.3k,105,14,107,19
First American (India),Insurance | Bengaluru +22 other locations,3.5,(1.8k),1.8k,9.5k,100,62,173,7
Infra.Market,Building Material | Mumbai +134 other locations,3.9,(1.8k),1.8k,3.9k,282,--,35,14
Fusion CX,BPO | Kolkata +58 other locations,3.2,(1.8k),1.8k,4.5k,146,208,98,14
Capri Global Capital,NBFC | New Delhi +338 other locations,3.6,(1.8k),1.8k,4.2k,74,--,38,20
Honda Cars,Automobile | Bhiwadi +114 other locations,4.3,(1.8k),1.8k,6.3k,115,--,184,2
AkzoNobel,Chemicals | Pune +160 other locations,4.1,(1.8k),1.8k,4.4k,144,35,136,48
Digit Insurance,Insurance | Bengaluru +90 other locations,3.6,(1.8k),1.8k,6.1k,234,57,107,28
Haldiram Foods International Limited,FMCG | Nagpur +169 other locations,3.8,(1.8k),1.8k,6.1k,163,--,103,1
DIVI'S Laboratories,Pharma | Visakhapatnam +38 other locations,3.6,(1.8k),1.8k,6.9k,104,--,177,--
Sterling & Wilson,Engineering & Construction | Mumbai +132 other locations,4.1,(1.8k),1.8k,6.7k,83,30,201,6
Hindustan Petroleum,Oil & Gas | Mumbai +259 other locations,4.2,(1.8k),1.8k,6.1k,119,--,137,6
Innovsource Services,Recruitment | Mumbai +253 other locations,3.9,(1.8k),1.8k,4.7k,79,--,126,5
Orchids International School,Education & Training | Bengaluru +35 other locations,3.9,(1.8k),1.8k,3.9k,390,20,75,--
Cafe Coffee Day,Hospitality | Bengaluru +104 other locations,3.7,(1.8k),1.8k,3.8k,86,8,181,9
MetLife,Insurance | Noida +44 other locations,4.0,(1.8k),1.8k,9.5k,102,103,237,--
Adani Green Energy,Power | Ahmedabad +116 other locations,3.9,(1.8k),1.8k,6k,163,1,84,28
SS&C TECHNOLOGIES,IT Services & Consulting | Mumbai +30 other locations,3.2,(1.8k),1.8k,13.5k,200,157,198,12
Stellar Migration,Other | Dubai +7 other locations,1.3,(1.8k),1.8k,2,2,--,8,1
Isgec Heavy Engineering,Engineering & Construction | Noida +94 other locations,3.8,(1.8k),1.8k,7k,147,56,136,223
Air India,Aviation | New Delhi +67 other locations,3.4,(1.8k),1.8k,8.1k,225,32,163,--
Rungta Mines,Metals & Mining | Chaibasa +58 other locations,4.0,(1.8k),1.8k,5.8k,193,--,61,9
Reckitt Benckiser,FMCG | Gurugram +137 other locations,4.0,(1.8k),1.8k,6.4k,107,67,175,3
USV,Pharma | Mumbai +107 other locations,4.0,(1.8k),1.8k,5.7k,88,94,173,--
Tata Communications Transformation Services,Telecom | Pune +95 other locations,3.8,(1.8k),1.8k,8.4k,101,--,171,1
USHA International,Consumer Electronics & Appliances | Gurugram +149 other locations,4.0,(1.8k),1.8k,4.8k,115,16,165,13
LivSpace,Architecture & Interior Design | Bengaluru +53 other locations,3.3,(1.8k),1.8k,8.3k,170,124,94,3
XBP Global,Internet | Chennai +23 other locations,3.2,(1.8k),1.8k,7.7k,104,70,79,--
Kalyan Jewellers,Jewellery | Thrissur +159 other locations,4.4,(1.8k),1.8k,1.6k,81,54,59,3
Pine Labs,FinTech | Noida +122 other locations,3.2,(1.7k),1.7k,7.6k,140,2,118,2
HDFC Securities,Financial Services | Mumbai +185 other locations,3.4,(1.7k),1.7k,6k,128,62,141,5
BT Business,Telecom | Gurugram +13 other locations,3.9,(1.7k),1.7k,9.3k,90,5,263,--
Annapurna Finance,NBFC | Bhubaneswar +405 other locations,3.8,(1.7k),1.7k,3.7k,85,3,132,9
Security and Intelligence Services (India),Law Enforcement & Security | New Delhi +194 other locations,4.0,(1.7k),1.7k,4.5k,83,27,135,8
Vedantu,EdTech | Bengaluru +73 other locations,3.2,(1.7k),1.7k,8.1k,201,19,159,7
Granules India Limited,Pharma | Hyderabad +23 other locations,3.8,(1.7k),1.7k,6.4k,85,15,168,1
BVG India,Facility Management Services | Pune +139 other locations,4.2,(1.7k),1.7k,4k,174,118,104,8
Bata,Fashion & Textile | Gurugram +150 other locations,3.5,(1.7k),1.7k,4.2k,88,7,121,16
Future Retail,Retail | Mumbai +197 other locations,4.4,(1.7k),1.7k,3.7k,60,--,249,--
Dhani Loans and Services,NBFC | Gurugram +185 other locations,3.9,(1.7k),1.7k,4.1k,70,25,41,1
Orange Business,IT Services & Consulting | Gurugram +52 other locations,4.1,(1.7k),1.7k,9.1k,120,--,242,1
Hitachi Astemo,Auto Components | Neemrana +53 other locations,4.1,(1.7k),1.7k,6.5k,140,--,119,4
Mother Dairy Fruit & Vegetable,Food Processing | New Delhi +129 other locations,4.0,(1.7k),1.7k,5k,105,4,154,3
Cushman & Wakefield,Real Estate | Gurugram +44 other locations,4.2,(1.7k),1.7k,6.7k,123,178,134,1
Metro Cash & Carry,Retail | Bengaluru +89 other locations,4.0,(1.7k),1.7k,4.9k,77,4,167,8
TTEC India,BPO | Ahmedabad +34 other locations,3.7,(1.7k),1.7k,5.6k,194,11,155,28
IIFL SAMASTA,NBFC | Bengaluru +410 other locations,3.7,(1.7k),1.7k,3.2k,85,2,21,11
Caterpillar Inc,Industrial Machinery | Chennai +43 other locations,4.1,(1.7k),1.7k,11.4k,210,251,137,7
HighRadius,Software Product | Hyderabad +15 other locations,2.5,(1.7k),1.7k,9.2k,214,70,84,24
FactSet,Analytics & KPO | Hyderabad +16 other locations,3.7,(1.7k),1.7k,10.7k,234,11,187,26
Medanta the Medicity,Healthcare | Gurugram +50 other locations,4.0,(1.7k),1.7k,5.2k,132,101,150,4
NEC,IT Services & Consulting | Noida +54 other locations,4.0,(1.7k),1.7k,5.5k,80,5,79,22
Sysnet Global Technologies,IT Services & Consulting | New Delhi +154 other locations,3.7,(1.7k),1.7k,4.3k,142,4,87,--
Indian Navy,Defence & Aerospace | Mumbai +75 other locations,4.6,(1.7k),1.7k,3.4k,39,--,246,2
NielsenIQ,Analytics & KPO | Chennai +55 other locations,3.5,(1.7k),1.7k,10.7k,237,27,59,6
Health Care Global Enterprises,Healthcare | Bengaluru +53 other locations,4.4,(1.7k),1.7k,2.8k,176,145,28,14
Cavinkare,FMCG | Chennai +172 other locations,3.9,(1.7k),1.7k,5k,72,14,143,--
Frankfinn Institute of Air Hostess Training,Education & Training | Gurugram +61 other locations,3.9,(1.7k),1.7k,3.2k,128,53,172,289
KONE,Industrial Machinery | Chennai +76 other locations,4.1,(1.7k),1.7k,5.8k,143,45,193,36
Yamaha Motor,Automobile | Chennai +155 other locations,4.1,(1.7k),1.7k,5.3k,95,--,178,4
L.G.Balakrishnan & Bros,Auto Components | Coimbatore +63 other locations,3.5,(1.7k),1.7k,5.9k,85,15,120,--
Clover Infotech,IT Services & Consulting | Mumbai +23 other locations,3.4,(1.7k),1.7k,12.2k,144,135,97,32
MagicBricks,Internet | Noida +35 other locations,3.9,(1.7k),1.7k,4.6k,350,14,72,8
Compass Group Support Services,Facility Management Services | Bengaluru +78 other locations,4.0,(1.7k),1.7k,5.6k,91,37,143,22
Tata 1mg,Internet | Gurugram +64 other locations,3.6,(1.7k),1.7k,7.2k,226,421,105,24
Rane (Madras),Auto Components | Chennai +58 other locations,3.9,(1.7k),1.7k,4.9k,96,56,162,--
Patanjali Foods,FMCG | Haridwar +240 other locations,3.7,(1.7k),1.7k,4.6k,108,14,114,--
BA Continuum,IT Services & Consulting | Hyderabad +17 other locations,3.9,(1.7k),1.7k,10.2k,113,--,291,--
DHL Express,Logistics | Mumbai +90 other locations,4.1,(1.7k),1.7k,6.2k,80,--,173,9
JSW Bhushan Power & Steel,Iron & Steel | Jharsuguda +64 other locations,4.0,(1.6k),1.6k,4.9k,82,--,178,2
ReNew,Power | Gurugram +105 other locations,4.2,(1.6k),1.6k,6.6k,144,61,98,4
CG Power and Industrial Solutions,Electrical Equipment | Bhopal +91 other locations,3.8,(1.6k),1.6k,6.7k,108,--,213,5
Procter & Gamble,FMCG | Mumbai +255 other locations,4.0,(1.6k),1.6k,5.8k,136,--,167,5
Vardhman Fabrics,Fashion & Textile | Baddi +65 other locations,4.0,(1.6k),1.6k,5.2k,83,8,147,2
Suryoday Small Finance Bank,Banking | Mumbai +233 other locations,3.9,(1.6k),1.6k,4.6k,98,52,89,13
Johnson & Johnson,Healthcare | Mumbai +169 other locations,3.9,(1.6k),1.6k,5.9k,117,54,187,9
Shriram Life Insurance,Insurance | Hyderabad +335 other locations,3.5,(1.6k),1.6k,4.9k,115,26,87,5
Belrise Industries,Auto Components | Pune +56 other locations,3.7,(1.6k),1.6k,6.2k,108,9,102,2
Matrimony.com,Internet | Chennai +63 other locations,3.9,(1.6k),1.6k,4.4k,103,42,66,--
Arvind Group,Fashion & Textile | Ahmedabad +91 other locations,4.0,(1.6k),1.6k,5.3k,82,--,298,6
Coronis Ajuba Solutions,BPO | Chennai +31 other locations,3.9,(1.6k),1.6k,5.9k,93,42,142,1
Toyota Kirloskar Motor,Automobile | Bengaluru +92 other locations,4.3,(1.6k),1.6k,4.7k,86,12,167,5
Wipro Enterprises Ltd,FMCG | Bengaluru +121 other locations,3.8,(1.6k),1.6k,8.3k,210,1,437,--
Chegg,EdTech | New Delhi +78 other locations,4.1,(1.6k),1.6k,3.9k,167,11,88,--
CMA CGM,Ports & Shipping | Chennai +37 other locations,4.0,(1.6k),1.6k,8k,102,25,213,9
Goldman Sachs,Financial Services | Bengaluru +22 other locations,3.4,(1.6k),1.6k,21.2k,418,320,104,1
Krishna Maruti,Auto Components | Gurugram +53 other locations,3.8,(1.6k),1.6k,5.2k,134,9,122,18
HERE Technologies,IT Services & Consulting | Mumbai +19 other locations,3.7,(1.6k),1.6k,7.7k,112,22,284,--
Veritas Finance,NBFC | Chennai +300 other locations,4.3,(1.6k),1.6k,2.2k,91,--,38,30
Hero Motors Company,Automobile | Ghaziabad +228 other locations,3.9,(1.6k),1.6k,6.3k,99,3,120,4
Tata Play,Broadcasting | Mumbai +223 other locations,4.0,(1.6k),1.6k,4.7k,90,5,181,10
Dixon Technologies,Electronics Manufacturing | Noida +46 other locations,3.9,(1.6k),1.6k,5.8k,148,27,117,10
Marico,FMCG | Mumbai +187 other locations,3.8,(1.6k),1.6k,5.8k,105,30,162,6
Godrej Industries Group,Real Estate | Mumbai +152 other locations,3.9,(1.6k),1.6k,3.1k,154,2,157,3
Welspun Living Limited,Fashion & Textile | Anjar +86 other locations,3.9,(1.6k),1.6k,5.2k,92,2,151,8
Satin Creditcare Network,NBFC | Gurugram +331 other locations,3.9,(1.6k),1.6k,3.1k,66,5,131,3
Teva Pharmaceuticals,Pharma | Bengaluru +53 other locations,3.9,(1.6k),1.6k,5.7k,120,22,183,3
Sanofi,Pharma | Hyderabad +92 other locations,4.0,(1.6k),1.6k,6k,104,107,166,6
iOPEX Technologies,IT Services & Consulting | Chennai +15 other locations,3.1,(1.6k),1.6k,6.1k,92,38,533,46
Emami,FMCG | Kolkata +169 other locations,3.8,(1.6k),1.6k,5.3k,107,9,134,9
Labmentix,Bengaluru +32 other locations,4.5,(1.6k),1.6k,35,556,--,18,--
Urban Company,Internet | Gurugram +60 other locations,3.3,(1.6k),1.6k,7.1k,174,156,99,14
IndiaFirst Life Insurance,Insurance | Mumbai +250 other locations,3.8,(1.6k),1.6k,3.9k,86,33,105,--
ZF Commercial Vehicle Control Systems,Auto Components | Chennai +49 other locations,3.8,(1.6k),1.6k,3.8k,85,--,8,5
Asahi India Glass,Auto Components | Chennai +90 other locations,3.8,(1.6k),1.6k,5.3k,116,69,130,2
Supreme Industries,Petrochemicals | Gwalior +125 other locations,4.1,(1.6k),1.6k,5.8k,102,--,115,3
Wockhardt,Pharma | Chhatrapati Sambhajinagar +84 other locations,3.7,(1.6k),1.6k,4.1k,66,69,178,--
Mercer,Management Consulting | New Delhi +17 other locations,3.6,(1.6k),1.6k,10k,98,15,206,--
PharmEasy,Internet | Bengaluru +69 other locations,3.7,(1.6k),1.6k,6.5k,119,--,153,13
Broadridge Financial Solutions,FinTech | Hyderabad +15 other locations,3.8,(1.6k),1.6k,11.1k,163,57,142,8
Cemindia Projects,Engineering & Construction | Kolkata +88 other locations,4.2,(1.6k),1.6k,3.3k,95,1,140,4
Relaxo Footwear,Fashion & Textile | New Delhi +160 other locations,4.0,(1.6k),1.6k,4.6k,114,98,147,5
IFB,Consumer Electronics & Appliances | Bengaluru +178 other locations,3.6,(1.6k),1.6k,5.4k,125,20,60,1
KFC,Hospitality | New Delhi +173 other locations,4.0,(1.6k),1.6k,3k,86,--,155,4
Marriott International,Hospitality | Bengaluru +91 other locations,4.1,(1.6k),1.6k,4.7k,103,1.2k,185,8
Kotak Mahindra Prime,NBFC | Mumbai +177 other locations,3.9,(1.6k),1.6k,5.1k,73,--,63,1
Honda,Automobile | Gurugram +229 other locations,4.0,(1.5k),1.5k,3.8k,114,4,206,8
Gujarat Fluorochemicals,Chemicals | Bharuch +31 other locations,3.9,(1.5k),1.5k,6.7k,110,9,130,3
Amul India,Food Processing | Ahmedabad +207 other locations,4.0,(1.5k),1.5k,4.2k,160,--,6,6
Lumax Industries,Auto Components | Gurugram +42 other locations,3.9,(1.5k),1.5k,5.8k,104,31,128,2
Nayara Energy,Oil & Gas | Jamnagar +98 other locations,4.2,(1.5k),1.5k,6.1k,99,3,169,7
mPokket,NBFC | Kolkata +22 other locations,4.5,(1.5k),1.5k,1.6k,390,6,25,31
Muthoot Microfin,NBFC | Kochi +415 other locations,4.2,(1.5k),1.5k,2.6k,85,8,66,19
Suguna Foods,Food Processing | Coimbatore +206 other locations,3.9,(1.5k),1.5k,4.1k,97,20,135,10
Bajaj Capital,Financial Services | New Delhi +171 other locations,3.5,(1.5k),1.5k,3.8k,168,95,101,7
Hinduja Leyland Finance,NBFC | Chennai +300 other locations,3.9,(1.5k),1.5k,2.8k,62,11,70,--
Tata Consumer Products,FMCG | Bengaluru +229 other locations,3.5,(1.5k),1.5k,6k,100,6,80,6
SHYAM METALICS AND ENERGY,Metals & Mining | Kolkata +76 other locations,3.4,(1.5k),1.5k,4.9k,155,11,45,16
Patra India,BPO | Visakhapatnam +27 other locations,3.5,(1.5k),1.5k,6.4k,119,1,86,2
Bisleri,Beverage | Mumbai +182 other locations,4.2,(1.5k),1.5k,4.4k,122,23,144,6
American Broadcasting Company,Engineering & Construction | Bengaluru +98 other locations,4.0,(1.5k),1.5k,36.2k,598,4,9,--
Dainik Bhaskar Group,Printing & Publishing | Bhopal +136 other locations,4.1,(1.5k),1.5k,4.5k,83,71,148,6
XL Dynamics,IT Services & Consulting | Mumbai +31 other locations,3.7,(1.5k),1.5k,3.5k,97,14,194,1
Karur Vysya Bank,Banking | Chennai +193 other locations,3.5,(1.5k),1.5k,5k,109,25,59,--
Tesco,Retail | Bengaluru +17 other locations,3.6,(1.5k),1.5k,9.2k,149,43,190,22
Steel Strips Wheels,Auto Components | Chennai +50 other locations,3.7,(1.5k),1.5k,5.6k,89,33,118,8
Evalueserve,Analytics & KPO | Gurugram +15 other locations,3.0,(1.5k),1.5k,10.5k,142,68,136,2
Oracle Cerner,Software Product | Bengaluru +7 other locations,3.3,(1.5k),1.5k,9.9k,171,--,255,1
SAI Life Sciences,Clinical Research | Hyderabad +26 other locations,3.9,(1.5k),1.5k,6.1k,110,56,130,10
GE VERNOVA,Power | Bengaluru +85 other locations,4.1,(1.5k),1.5k,5.5k,114,267,9,4
Piramal Pharma,Pharma | Mumbai +83 other locations,3.9,(1.5k),1.5k,6.6k,127,43,103,18
Page Industries,Fashion & Textile | Bengaluru +166 other locations,4.1,(1.5k),1.5k,5k,74,10,106,10
Canara Bank,Banking | Bengaluru +227 other locations,3.6,(1.5k),1.5k,4.1k,52,--,97,6
GMR Group,Engineering & Construction | New Delhi +75 other locations,3.9,(1.5k),1.5k,4.7k,105,6,187,2
HCL Infosystems,IT Services & Consulting | Noida +104 other locations,4.0,(1.5k),1.5k,6.7k,146,--,230,--
Sonata Software,IT Services & Consulting | Bengaluru +17 other locations,3.4,(1.5k),1.5k,12k,142,75,84,--
QualityKiosk Technologies,IT Services & Consulting | Mumbai +21 other locations,3.2,(1.5k),1.5k,11.5k,166,208,98,--
Ashoka Buildcon,Engineering & Construction | Nashik +155 other locations,4.1,(1.5k),1.5k,4.2k,81,5,127,7
Wheelseye Technology,Internet | Gurugram +223 other locations,3.4,(1.5k),1.5k,4k,120,22,103,6
Tanishq,Jewellery | Kolkata +239 other locations,4.1,(1.5k),1.5k,3.2k,114,1,68,9
Devyani International,Hospitality | New Delhi +137 other locations,3.8,(1.5k),1.5k,3.6k,71,13,114,10
Max Fashion,Retail | Bengaluru +153 other locations,4.0,(1.5k),1.5k,3.4k,78,11,176,15
Gland Pharma,Pharma | Hyderabad +35 other locations,4.0,(1.5k),1.5k,5.9k,92,12,121,--
V5 Global Services,Recruitment | New Delhi +218 other locations,3.9,(1.5k),1.5k,3.7k,95,7,72,2
Honeywell Technology Solutions,Industrial Automation | Bengaluru +18 other locations,3.6,(1.5k),1.5k,11.4k,165,--,206,--
Acuity Analytics,Analytics & KPO | Bengaluru +16 other locations,3.1,(1.5k),1.5k,12.9k,181,127,80,12
Daimler India Commercial Vehicles,Automobile | Chennai +49 other locations,3.9,(1.5k),1.5k,6.8k,76,30,176,--
Airtel Payments Bank,Banking | Gurugram +336 other locations,3.8,(1.5k),1.5k,5.2k,116,28,111,4
Valeo,Auto Components | Chennai +23 other locations,3.9,(1.5k),1.5k,8.1k,107,192,131,3
ISS Facility Services,Facility Management Services | Mumbai +65 other locations,4.0,(1.5k),1.5k,4.2k,69,11,134,--
Chandigarh University,Education & Training | Chandigarh +47 other locations,4.3,(1.5k),1.5k,2.8k,109,103,50,6
Amneal Pharmaceuticals,Pharma | Ahmedabad +45 other locations,4.2,(1.5k),1.5k,6.3k,86,67,141,2
Aon,Management Consulting | Gurugram +25 other locations,3.8,(1.5k),1.5k,6.4k,91,25,207,--
Indoco Remedies,Pharma | Mumbai +84 other locations,3.5,(1.5k),1.5k,5.6k,89,15,108,4
Heritage Foods,Food Processing | Hyderabad +124 other locations,4.1,(1.5k),1.5k,3.8k,103,29,144,2
PNB Housing Finance,NBFC | New Delhi +171 other locations,3.8,(1.5k),1.5k,4.7k,56,--,87,--
Apco Infratech,Engineering & Construction | Mumbai +95 other locations,3.7,(1.5k),1.5k,4.4k,140,11,110,13
Taurus BPO Services,BPO | Pune +23 other locations,4.1,(1.5k),1.5k,978,35,3,516,6
Oberoi Group of Hotels,Hospitality | New Delhi +39 other locations,4.0,(1.5k),1.5k,3.8k,96,--,228,1
Apexon,IT Services & Consulting | Bengaluru +23 other locations,3.3,(1.5k),1.5k,9.6k,177,35,42,1
SBFC Finance,NBFC | Mumbai +218 other locations,3.8,(1.5k),1.5k,2.9k,102,84,50,6
NIIT,Education & Training | Gurugram +102 other locations,3.5,(1.5k),1.5k,6.1k,108,32,161,3
Happiest Minds Technologies,IT Services & Consulting | Bengaluru +17 other locations,3.4,(1.4k),1.4k,12.7k,152,673,96,16
Narayana Educational Society,Education & Training | Hyderabad +147 other locations,3.6,(1.4k),1.4k,4.1k,69,4,120,--
Bharat Forge,Auto Components | Pune +28 other locations,3.8,(1.4k),1.4k,6.5k,80,18,119,5
ALTEN,IT Services & Consulting | Bengaluru +28 other locations,3.6,(1.4k),1.4k,8.5k,164,52,69,7
Altimetrik,IT Services & Consulting | Bengaluru +15 other locations,3.5,(1.4k),1.4k,12.5k,266,273,109,10
Hyatt Regency,Hospitality | New Delhi +51 other locations,4.0,(1.4k),1.4k,3.1k,61,53,194,--
Aumovio,Auto Components | Bengaluru +21 other locations,3.7,(1.4k),1.4k,9.4k,82,18,132,5
Jaquar,Building Material | Gurugram +118 other locations,4.1,(1.4k),1.4k,5.2k,88,27,123,--
Chetu,Software Product | Noida +14 other locations,3.7,(1.4k),1.4k,7.3k,231,3,119,23
Acmegrade,EdTech | Bengaluru +22 other locations,3.9,(1.4k),1.4k,297,69,--,1,1
AB InBev India,Beverage | Bengaluru +76 other locations,3.3,(1.4k),1.4k,8k,118,94,146,2
Morningstar,Financial Services | Mumbai +18 other locations,3.7,(1.4k),1.4k,10.4k,266,39,125,12
Sony,Consumer Electronics & Appliances | New Delhi +143 other locations,4.2,(1.4k),1.4k,4.6k,85,15,193,1
Indegene,Analytics & KPO | Bengaluru +33 other locations,3.2,(1.4k),1.4k,9.8k,175,19,126,--
Tieto,IT Services & Consulting | Pune +13 other locations,4.1,(1.4k),1.4k,9.5k,107,16,116,26
CIE Automotive India Limited (Formerly known as Mahindra CIE Automotive Limited),Auto Components | Pune +47 other locations,3.6,(1.4k),1.4k,5k,90,2,1,83
Agilus Diagnostics,Healthcare | Mumbai +136 other locations,4.1,(1.4k),1.4k,3.4k,86,10,131,--
Slk Software Services,IT Services & Consulting | Bengaluru +15 other locations,3.2,(1.4k),1.4k,9.4k,114,1,90,--
Fusion Finance,NBFC | New Delhi +347 other locations,3.9,(1.4k),1.4k,3.2k,60,6,78,3
Amara Raja Energy & Mobility,Auto Components | Tirupati +94 other locations,4.0,(1.4k),1.4k,4.2k,112,--,113,7
Adobe,Software Product | Bengaluru +22 other locations,3.7,(1.4k),1.4k,13.3k,273,122,155,3
Tata Group,IT Services & Consulting | Mumbai +167 other locations,4.2,(1.4k),1.4k,5.6k,383,1,145,2
Nykaa,Internet | Mumbai +115 other locations,3.4,(1.4k),1.4k,6.8k,154,13,59,5
Xiaomi,Consumer Electronics & Appliances | Bengaluru +212 other locations,3.7,(1.4k),1.4k,5.6k,113,4,133,16
Vfs Global Services,IT Services & Consulting | Mumbai +32 other locations,3.4,(1.4k),1.4k,4.3k,72,7,120,--
MedPlus,Retail | Hyderabad +146 other locations,3.5,(1.4k),1.4k,4.3k,110,54,63,1
Tenarai,Emerging Technologies | Bengaluru +23 other locations,3.5,(1.4k),1.4k,11.2k,137,104,121,174
VLCC,Beauty & Personal Care | New Delhi +110 other locations,3.3,(1.4k),1.4k,3.3k,55,53,97,--
VOIS,IT Services & Consulting | Pune +21 other locations,3.8,(1.4k),1.4k,8.6k,183,39,14,--
Sansera Engineering,Auto Components | Bengaluru +28 other locations,4.0,(1.4k),1.4k,5.6k,98,9,111,2
J. Kumar Infraprojects,Engineering & Construction | Mumbai +41 other locations,4.1,(1.4k),1.4k,4.5k,94,4,116,4
Eaton,Electronics Manufacturing | Pune +22 other locations,4.0,(1.4k),1.4k,8.1k,149,--,128,10
DCM Shriram,Chemicals | Bharuch +109 other locations,4.1,(1.4k),1.4k,4.9k,109,2,121,1
City Union Bank,Banking | Chennai +196 other locations,2.9,(1.4k),1.4k,5.7k,125,6,63,6
Oracle Financial Services Software,Software Product | Bengaluru +22 other locations,3.3,(1.4k),1.4k,10.7k,196,--,186,7
The Muthoot Group,Financial Services | New Delhi +310 other locations,3.6,(1.4k),1.4k,3.7k,84,--,227,10
AtkinsRealis,Engineering & Construction | Bengaluru +55 other locations,3.7,(1.4k),1.4k,6.1k,109,353,92,11
Unisys,IT Services & Consulting | Bengaluru +18 other locations,3.4,(1.4k),1.4k,10.1k,81,20,148,--
IDC Technologies,IT Services & Consulting | Noida +66 other locations,3.1,(1.4k),1.4k,6.8k,76,--,48,13
Hire In Global,Recruitment | Mumbai +62 other locations,4.9,(1.4k),1.4k,8,300,--,29,--
TEKsystems,IT Services & Consulting | Bengaluru +18 other locations,3.1,(1.4k),1.4k,11.2k,139,16,81,2
EOSGlobe,BPO | Mumbai +29 other locations,2.9,(1.4k),1.4k,4k,91,8,85,3
FedEx Express,Logistics | Mumbai +94 other locations,4.0,(1.4k),1.4k,5.2k,113,103,189,2
TÜV SÜD,"Testing, Inspection and Certification (TIC) | Bengaluru +133 other locations",4.0,(1.4k),1.4k,3.9k,105,142,100,--
Kantar,Analytics & KPO | Bengaluru +44 other locations,3.5,(1.4k),1.4k,6.8k,119,1,78,1
Worley,Engineering & Construction | Mumbai +56 other locations,4.1,(1.4k),1.4k,7.4k,140,101,115,--
TCS iON,IT Services & Consulting | Hyderabad +113 other locations,3.8,(1.4k),1.4k,4k,408,--,181,1
Citco,Management Consulting | Pune +13 other locations,3.1,(1.4k),1.4k,9.8k,172,75,50,--
Sunknowledge Services,BPO | Kolkata +13 other locations,3.4,(1.4k),1.4k,3.9k,108,12,206,1
Aerial Telecom Solutions,Telecom | Sahibzada Ajit Singh Nagar +114 other locations,4.2,(1.4k),1.4k,2.3k,124,26,38,3
iMerit,IT Services & Consulting | Kolkata +22 other locations,3.2,(1.4k),1.4k,5.6k,118,8,98,--
Novo Nordisk,Pharma | Bengaluru +74 other locations,3.7,(1.4k),1.4k,6.5k,100,111,130,10
Rashmi Metaliks,Iron & Steel | Kharagpur +43 other locations,3.1,(1.4k),1.4k,4.8k,117,5,63,5
Fino Payments Bank,Banking | Mumbai +275 other locations,3.8,(1.4k),1.4k,4k,63,19,96,7
Sharekhan,Financial Services | Mumbai +114 other locations,3.7,(1.4k),1.4k,5.2k,100,80,116,--
Amity University,Education & Training | Noida +85 other locations,3.6,(1.4k),1.4k,5.2k,116,25,123,2
Bajaj Housing Finance,NBFC | Pune +166 other locations,3.5,(1.4k),1.4k,5.9k,71,84,59,5
Incedo,IT Services & Consulting | Gurugram +13 other locations,2.9,(1.4k),1.4k,10.4k,207,53,114,17
Paytm Payments Bank,Banking | Noida +136 other locations,3.8,(1.4k),1.4k,5.6k,142,--,118,--
JSW Cement,Building Material | Mumbai +147 other locations,4.1,(1.4k),1.4k,4.4k,139,19,108,13
Faurecia,Auto Components | Pune +28 other locations,3.9,(1.4k),1.4k,6k,72,21,181,1
Aforeserve,IT Services & Consulting | Mumbai +159 other locations,3.4,(1.4k),1.4k,3.6k,93,30,89,3
INDIUM,IT Services & Consulting | Chennai +13 other locations,4.0,(1.4k),1.4k,7.1k,258,106,52,65
Bharat FIH,Electronics Manufacturing | Chennai +39 other locations,3.7,(1.4k),1.4k,5.3k,91,--,76,1
R Systems International,IT Services & Consulting | Noida +23 other locations,3.7,(1.4k),1.4k,7.5k,159,41,113,18
Sheenlac Paints,Chemicals | Chennai +163 other locations,4.1,(1.3k),1.3k,1.7k,210,--,44,138
Iffco Tokio General Insurance Co.,Insurance | Gurugram +282 other locations,3.8,(1.3k),1.3k,4.1k,51,--,113,6
Burger King,Hospitality | New Delhi +112 other locations,3.9,(1.3k),1.3k,3.5k,99,5,135,6
The Ramco Cements,Building Material | Chennai +125 other locations,4.1,(1.3k),1.3k,4.3k,515,--,100,4
Unichem Laboratories,Pharma | Ghaziabad +77 other locations,3.6,(1.3k),1.3k,5.2k,95,53,125,--
DEXIT Global,IT Services & Consulting | Mumbai +151 other locations,3.5,(1.3k),1.3k,5.9k,139,2,113,--
Aptara,Content Development | Noida +15 other locations,3.1,(1.3k),1.3k,6.4k,78,8,114,5
TE Connectivity,Electronics Manufacturing | Bengaluru +23 other locations,4.1,(1.3k),1.3k,7.5k,102,143,149,15
Collabera Talent Solutions,Recruitment | Bengaluru +43 other locations,3.5,(1.3k),1.3k,6.9k,152,4,110,--
GE,Defence & Aerospace | Bengaluru +76 other locations,4.1,(1.3k),1.3k,7.5k,116,16,180,--
FDC,Pharma | Mumbai +129 other locations,3.7,(1.3k),1.3k,3.7k,70,28,86,5
Grant Thornton,Accounting & Auditing | Bengaluru +59 other locations,3.4,(1.3k),1.3k,11.6k,120,304,84,--
Brillio,IT Services & Consulting | Bengaluru +14 other locations,3.4,(1.3k),1.3k,10.7k,141,112,77,25
Hindware Limited,Building Material | Hyderabad +133 other locations,3.9,(1.3k),1.3k,4.6k,88,7,130,2
GEP Worldwide,IT Services & Consulting | Mumbai +17 other locations,3.6,(1.3k),1.3k,9.6k,157,16,128,12
CreditAccess Grameen,NBFC | Bengaluru +351 other locations,4.0,(1.3k),1.3k,2.6k,54,15,71,14
JioMart,Retail | Mumbai +296 other locations,3.9,(1.3k),1.3k,4.2k,118,--,78,6
ZF Steering Gear,Auto Components | Hyderabad +35 other locations,3.7,(1.3k),1.3k,7.3k,60,4,97,3
Hatsun Agro Product,Food Processing | Chennai +127 other locations,3.8,(1.3k),1.3k,4.7k,84,8,104,1
Big Bazaar,Retail | New Delhi +158 other locations,4.4,(1.3k),1.3k,2.2k,47,--,191,1
CenturyPly,Furniture & Furnishing | Kolkata +147 other locations,3.9,(1.3k),1.3k,4.3k,97,54,60,13
ManpowerGroup,Recruitment | Bengaluru +151 other locations,3.6,(1.3k),1.3k,5.2k,71,191,83,14
VIBGYOR Group of Schools,Education & Training | Bengaluru +37 other locations,3.5,(1.3k),1.3k,4.2k,100,251,102,--
RBL FinServe,Financial Services | Mumbai +366 other locations,3.9,(1.3k),1.3k,3k,66,--,81,6
Cinépolis,Media & Entertainment | New Delhi +61 other locations,3.8,(1.3k),1.3k,2.9k,82,--,151,1
Shubham Housing Development Finance,NBFC | New Delhi +160 other locations,3.9,(1.3k),1.3k,2.9k,52,7,76,9
Decathlon,Retail | Bengaluru +71 other locations,3.7,(1.3k),1.3k,4.3k,120,147,118,20
Baroda Global Shared Services,BPO | Gandhinagar +181 other locations,3.8,(1.3k),1.3k,3k,129,41,30,5
Spicejet,Aviation | New Delhi +60 other locations,3.2,(1.3k),1.3k,5.1k,105,2,155,4
Nippon Paint India,Chemicals | Chennai +163 other locations,4.0,(1.3k),1.3k,4.1k,81,--,85,11
Punjab National Bank,Banking | New Delhi +218 other locations,3.9,(1.3k),1.3k,3k,63,--,97,6
OM Logistics,Logistics | New Delhi +124 other locations,3.9,(1.3k),1.3k,3.9k,93,2,105,1
More Supermarket,Retail | Bengaluru +164 other locations,3.6,(1.3k),1.3k,4k,94,25,58,1
Viraj Profiles,Iron & Steel | Mumbai +28 other locations,4.0,(1.3k),1.3k,4.5k,100,--,147,2
NetAmbit,BPO | Noida +155 other locations,4.0,(1.3k),1.3k,3.2k,171,3,38,7
Atul,Chemicals | Valsad +64 other locations,3.9,(1.3k),1.3k,5.2k,101,1,114,8
Troikaa Pharmaceuticals,Pharma | Ahmedabad +106 other locations,4.1,(1.3k),1.3k,3.9k,117,20,81,6
Astral Pipe,Building Material | Ahmedabad +144 other locations,3.9,(1.3k),1.3k,4.1k,95,50,32,3
Mondelez International,Food Processing | Mumbai +202 other locations,4.1,(1.3k),1.3k,4.7k,75,96,130,10
Bluestock ™,FinTech | Pune +44 other locations,4.5,(1.3k),1.3k,62,387,--,1,1
Fabindia,Retail | New Delhi +82 other locations,3.7,(1.3k),1.3k,4.1k,61,44,120,4
Ion Exchange India,Waste Management | Mumbai +128 other locations,3.7,(1.3k),1.3k,5.2k,98,56,89,5
Luminous Power Technologies,Consumer Electronics & Appliances | Gurugram +134 other locations,4.2,(1.3k),1.3k,4.1k,100,32,128,--
Hindustan Construction Company,Engineering & Construction | Mumbai +93 other locations,4.2,(1.3k),1.3k,3.2k,95,2,158,1
SK Finance Limited,NBFC | Jaipur +274 other locations,3.8,(1.3k),1.3k,3.6k,88,--,15,31
ICICI Prudential Mutual Fund,Financial Services | Mumbai +170 other locations,3.9,(1.3k),1.3k,5.7k,88,--,89,--
Pantaloons,Retail | Mumbai +156 other locations,4.1,(1.3k),1.3k,3.1k,69,--,133,5
Globant,IT Services & Consulting | Pune +17 other locations,3.4,(1.3k),1.3k,10.4k,206,67,102,9
OpenText Technologies,Software Product | Bengaluru +14 other locations,3.3,(1.3k),1.3k,12.2k,196,6,88,3
NxtWave,EdTech | Hyderabad +54 other locations,3.6,(1.3k),1.3k,3.3k,291,88,16,1
Royal Migration Solutions,Other | Dubai +12 other locations,4.9,(1.3k),1.3k,5,1,--,1,--
Samsung Research,IT Services & Consulting | Bengaluru +21 other locations,3.0,(1.3k),1.3k,9.8k,150,1,142,--
Centre for Development of Advanced Computing,IT Services & Consulting | Pune +41 other locations,3.7,(1.3k),1.3k,6.9k,126,2,62,--
Jakson Group,Power | Noida +103 other locations,4.1,(1.3k),1.3k,3.9k,107,13,99,2
T-Systems ICT India,IT Services & Consulting | Pune +16 other locations,3.7,(1.3k),1.3k,8.9k,112,6,92,14
Aarvee Associates,Engineering & Construction | Hyderabad +178 other locations,3.6,(1.3k),1.3k,3.3k,100,--,103,2
Vestas,Power | Chennai +51 other locations,4.1,(1.3k),1.3k,5.3k,99,24,135,6
Sigma Electric Manufacturing Corporation,Industrial Machinery | Pune +24 other locations,4.0,(1.3k),1.3k,2.8k,78,11,206,7
Apex Group,Financial Services | Pune +28 other locations,2.7,(1.3k),1.3k,8.2k,185,378,32,4
ANZ Banking Group,Banking | Bengaluru +17 other locations,3.8,(1.3k),1.3k,8.3k,107,27,102,--
Electronics Corporation of India Limited,Electronics Manufacturing | Hyderabad +57 other locations,4.2,(1.3k),1.3k,3.2k,61,--,106,3
Panasonic,Consumer Electronics & Appliances | Gurugram +124 other locations,4.0,(1.3k),1.3k,4.8k,51,21,149,--
AGS Transact Technologies,FinTech | Mumbai +123 other locations,2.8,(1.3k),1.3k,3.7k,43,--,129,1
Automotive Manufacturers,Automobile | Hyderabad +150 other locations,3.8,(1.3k),1.3k,5.2k,104,44,76,2
Tenneco,Auto Components | Pune +45 other locations,3.6,(1.3k),1.3k,5.3k,72,14,116,--
Godrej Consumer Products,FMCG | Mumbai +149 other locations,4.0,(1.3k),1.3k,4.9k,62,--,120,5
Dell EMC,IT Services & Consulting | Bengaluru +53 other locations,3.7,(1.3k),1.3k,8.5k,74,--,192,1
Spandana Sphoorty Financial,NBFC | Hyderabad +361 other locations,3.7,(1.3k),1.3k,2.4k,52,9,85,9
Fresenius Kabi,Pharma | Pune +65 other locations,4.0,(1.2k),1.2k,4.1k,58,28,117,8
Intertek,"Testing, Inspection and Certification (TIC) | New Delhi +116 other locations",3.7,(1.2k),1.2k,4.1k,85,74,115,9
SKF,Auto Components | Pune +71 other locations,4.0,(1.2k),1.2k,4.6k,77,66,150,3
PNC Infratech,Engineering & Construction | Agra +96 other locations,3.8,(1.2k),1.2k,3.5k,83,--,79,6
H.G. Infra Engineering,Engineering & Construction | Jaipur +99 other locations,4.0,(1.2k),1.2k,3.2k,109,--,91,11
iSON Xperiences,BPO | Chennai +43 other locations,3.2,(1.2k),1.2k,3.3k,80,10,92,2
KIMS Hospital,Healthcare | Hyderabad +60 other locations,3.8,(1.2k),1.2k,3.7k,63,7,79,3
Mu Sigma,Analytics & KPO | Bengaluru +16 other locations,2.5,(1.2k),1.2k,6.8k,252,--,123,11
Jindal X,BPO | New Delhi +22 other locations,3.5,(1.2k),1.2k,2.8k,114,8,155,1
Kalpataru Limited,Real Estate | Mumbai +84 other locations,4.1,(1.2k),1.2k,4.5k,271,19,81,2
Zoho,Software Product | Chennai +37 other locations,4.2,(1.2k),1.2k,10k,586,--,101,24
Prodapt,IT Services & Consulting | Chennai +16 other locations,3.5,(1.2k),1.2k,9.9k,117,63,75,11
Synchrony,Financial Services | Hyderabad +9 other locations,4.3,(1.2k),1.2k,5.5k,95,21,200,23
DP World,Logistics | Mumbai +84 other locations,3.8,(1.2k),1.2k,5.2k,101,158,66,8
Dassault Systemes,Software Product | Pune +13 other locations,3.7,(1.2k),1.2k,7.3k,188,1,135,3
Shriram Pistons & Rings,Auto Components | Bhiwadi +61 other locations,4.0,(1.2k),1.2k,4.5k,76,2,136,4
Oil And Natural Gas Corporation,Oil & Gas | Mumbai +84 other locations,4.3,(1.2k),1.2k,3k,80,--,139,2
AIIMS,Education & Training | New Delhi +77 other locations,4.1,(1.2k),1.2k,4.6k,67,--,68,20
Rupeek,FinTech | Bengaluru +55 other locations,4.1,(1.2k),1.2k,3.3k,133,23,56,2
Rockman Industries,Auto Components | Haridwar +41 other locations,3.8,(1.2k),1.2k,3.8k,95,19,101,2
Parexel International,Clinical Research | Hyderabad +25 other locations,3.8,(1.2k),1.2k,6k,87,2,125,9
Wind World,Power | Jaisalmer +85 other locations,4.0,(1.2k),1.2k,3.3k,88,7,122,--
Diageo,Beverage | Bengaluru +99 other locations,3.8,(1.2k),1.2k,6.4k,93,69,102,2
DLF,Real Estate | Gurugram +35 other locations,4.0,(1.2k),1.2k,4.9k,99,--,74,7
Colliers India,Real Estate | Bengaluru +49 other locations,3.9,(1.2k),1.2k,4.9k,99,80,80,10
Indostar Capital Finance Limited,NBFC | Mumbai +332 other locations,4.3,(1.2k),1.2k,2.1k,200,1,38,6
Qualcomm,Semiconductors | Hyderabad +18 other locations,3.7,(1.2k),1.2k,15.1k,300,11,134,2
Fidelity Investments,Financial Services | Bengaluru +19 other locations,4.1,(1.2k),1.2k,8.1k,128,1,161,--
Nielsen,Analytics & KPO | Bengaluru +74 other locations,3.1,(1.2k),1.2k,6.7k,159,1,129,7
JTEKT,Auto Components | Gurugram +30 other locations,4.1,(1.2k),1.2k,4.4k,96,4,94,4
EbixCash Limited,Software Product | Noida +86 other locations,3.6,(1.2k),1.2k,5.1k,110,--,73,1
Kirloskar Oil Engines,Industrial Machinery | Pune +109 other locations,4.1,(1.2k),1.2k,4.2k,65,11,98,1
DENSO,Auto Components | Gurugram +39 other locations,4.1,(1.2k),1.2k,3.8k,85,1,176,7
Best Sellers,Retail | Mumbai +92 other locations,4.1,(1.2k),1.2k,3k,34,5,130,4
ExcelR,Education & Training | Bengaluru +25 other locations,3.6,(1.2k),1.2k,1.1k,109,55,3,10
PHN Technology,EdTech | Pune +32 other locations,4.3,(1.2k),1.2k,377,42,3,2,8
Ahluwalia Contracts India,Engineering & Construction | New Delhi +55 other locations,4.0,(1.2k),1.2k,3.5k,77,23,70,2
Fidelity National Financial,Financial Services | Bengaluru +16 other locations,3.7,(1.2k),1.2k,6.1k,61,3,154,7
Strides Pharma,Pharma | Bengaluru +43 other locations,3.8,(1.2k),1.2k,4.4k,79,--,151,9
Intel,Semiconductors | Bengaluru +38 other locations,4.1,(1.2k),1.2k,9.3k,242,--,92,8
Genius HRTech,Recruitment | Kolkata +108 other locations,3.8,(1.2k),1.2k,4k,73,1,71,--
Leadec India,Facility Management Services | Pune +82 other locations,4.1,(1.2k),1.2k,3.5k,152,31,87,42
ACG Worldwide,Pharma | Mumbai +31 other locations,3.8,(1.2k),1.2k,4k,86,62,45,5
JK Lakshmi Cement,Building Material | New Delhi +141 other locations,3.7,(1.2k),1.2k,3.7k,81,--,97,2
Baazar Retail Private Limited,Retail | Kolkata +109 other locations,4.5,(1.2k),1.2k,1.5k,85,1,17,12
Innova Solutions,IT Services & Consulting | Hyderabad +37 other locations,3.3,(1.2k),1.2k,8.1k,104,53,18,1
FOCUS EDUMATICS,EdTech | Coimbatore +35 other locations,2.9,(1.2k),1.2k,3.1k,126,--,39,20
Federal Bank,Banking | Mumbai +155 other locations,3.6,(1.2k),1.2k,5.7k,121,--,73,--
Zetwerk,Industrial Machinery | Bengaluru +122 other locations,4.0,(1.2k),1.2k,4.1k,118,35,57,152
Sri Chaitanya Techno Schools,Education & Training | Bengaluru +171 other locations,3.5,(1.2k),1.2k,3.5k,76,--,1,1
Electronica Finance,NBFC | Pune +174 other locations,4.1,(1.2k),1.2k,2.9k,142,25,34,20
Thyrocare Technologies,Healthcare | Mumbai +77 other locations,3.7,(1.2k),1.2k,4.4k,88,14,92,4
PayPal,FinTech | Bengaluru +15 other locations,3.7,(1.2k),1.2k,10k,243,--,121,6
Salesforce,Software Product | Hyderabad +40 other locations,3.9,(1.2k),1.2k,14.4k,251,324,105,18
Prism Johnson,Building Material | Mumbai +147 other locations,3.7,(1.2k),1.2k,4.5k,71,19,64,3
HFCL Limited,Telecom | Hyderabad +112 other locations,3.8,(1.2k),1.2k,4.2k,86,1,90,2
Meril,Medical Equipment | Vapi +84 other locations,3.6,(1.2k),1.2k,5k,88,26,75,44
Indira IVF Hospital,Healthcare | Mumbai +105 other locations,3.9,(1.2k),1.2k,3k,78,35,78,7
Barclays Shared Services,Financial Services | Chennai +17 other locations,3.8,(1.2k),1.2k,4.7k,38,778,178,--
Aptiv,Auto Components | Bengaluru +26 other locations,3.4,(1.2k),1.2k,8.5k,124,6,47,23
Podar International School,Education & Training | Mumbai +125 other locations,4.1,(1.2k),1.2k,3.2k,82,8,114,9
Aparna Constructions and Estates,Real Estate | Hyderabad +22 other locations,3.9,(1.2k),1.2k,4k,113,57,96,23
Ocwen Financial Solutions,Financial Services | Bengaluru +9 other locations,3.8,(1.2k),1.2k,4.3k,53,30,170,1
The Jaypee Group,Engineering & Construction | Noida +107 other locations,3.9,(1.2k),1.2k,3.4k,51,12,115,1
Schaeffler India,Auto Components | Vadodara +28 other locations,4.1,(1.2k),1.2k,5.7k,66,4,107,9
Johnson Lifts,Industrial Machinery | Chennai +75 other locations,3.9,(1.2k),1.2k,3.6k,50,10,92,1
Coca-Cola Company,Beverage | Bengaluru +208 other locations,4.0,(1.2k),1.2k,3.4k,107,--,104,4
Apollo Health and Lifestyle Limited,Healthcare | Hyderabad +94 other locations,4.3,(1.2k),1.2k,3.5k,118,64,68,59
Birla Corporation,Building Material | Satna +146 other locations,4.1,(1.2k),1.2k,3.8k,75,12,84,7
Balkrishna Industries,Auto Components | Bhuj +35 other locations,4.0,(1.2k),1.2k,4.3k,67,--,54,--
London Stock Exchange Group,Financial Services | Bengaluru +11 other locations,3.6,(1.2k),1.2k,11.2k,159,2,54,--
MDIndia Health Insurance TPA,Insurance | Pune +94 other locations,3.6,(1.1k),1.1k,3.7k,71,33,86,3
Nilkamal,Furniture & Furnishing | Mumbai +113 other locations,3.7,(1.1k),1.1k,3.7k,82,12,94,--
Edelweiss,Financial Services | Mumbai +114 other locations,3.6,(1.1k),1.1k,5.5k,63,--,132,--
Dhoot Transmission,Auto Components | Chhatrapati Sambhajinagar +43 other locations,3.7,(1.1k),1.1k,3.9k,69,10,107,3
Dishtv,Broadcasting | Noida +151 other locations,3.4,(1.1k),1.1k,3.3k,77,15,104,1
Deccan Fine Chemicals,Agro Chemicals | Tuni +31 other locations,3.6,(1.1k),1.1k,5.2k,107,8,61,--
Biocon Biologics,Biotechnology | Bengaluru +27 other locations,3.7,(1.1k),1.1k,6.9k,111,3,353,14
CaratLane - A Tata Product,Jewellery | Chennai +87 other locations,4.0,(1.1k),1.1k,3.1k,68,10,79,49
Imperial Auto Industries,Auto Components | Faridabad +37 other locations,3.8,(1.1k),1.1k,4.9k,79,11,67,13
Edelweiss Life Insurance,Insurance | Mumbai +124 other locations,3.7,(1.1k),1.1k,3.7k,59,39,96,2
Motilal Oswal Home Finance,NBFC | Mumbai +130 other locations,4.3,(1.1k),1.1k,1.4k,127,--,23,10
Bajaj Motors,Auto Components | Gurugram +91 other locations,3.9,(1.1k),1.1k,3.4k,69,13,109,--
IIFL Home Finance,NBFC | Gurugram +265 other locations,3.8,(1.1k),1.1k,2.8k,58,1.7k,16,2
Kohler,Building Material | Pune +52 other locations,3.7,(1.1k),1.1k,5.1k,78,7,75,13
INDO-MIM,Metals & Mining | Bengaluru +35 other locations,4.0,(1.1k),1.1k,4.4k,78,5,115,--
Jacobs Engineering Group,Engineering & Construction | Mumbai +41 other locations,4.1,(1.1k),1.1k,5.3k,91,18,92,1
Piaggio,Automobile | Pune +84 other locations,3.6,(1.1k),1.1k,3.9k,74,37,123,4
Stanza Living,Internet | Bengaluru +37 other locations,3.3,(1.1k),1.1k,3.6k,112,21,70,34
Barbeque Nation,Hospitality | Bengaluru +83 other locations,3.9,(1.1k),1.1k,2.7k,50,17,119,23
Onward Technologies Inc,IT Services & Consulting | Pune +64 other locations,2.9,(1.1k),1.1k,6.2k,93,31,42,16
Jabil Circuit India,Electronics Manufacturing | Pune +30 other locations,4.0,(1.1k),1.1k,4.3k,66,70,90,1
Unicharm,FMCG | Gurugram +192 other locations,3.9,(1.1k),1.1k,2.8k,66,1,105,--
Navitasys India,Electronics Manufacturing | Bawal +28 other locations,4.1,(1.1k),1.1k,2.7k,145,5,55,4
Wonder Home Finance,NBFC | Jaipur +120 other locations,4.6,(1.1k),1.1k,768,192,3,9,31
Asirvad Microfinance,NBFC | Chennai +322 other locations,3.8,(1.1k),1.1k,2.3k,48,--,61,16
Advantmed,Healthcare | Ahmedabad +16 other locations,4.1,(1.1k),1.1k,2.7k,171,27,54,5
Wistron,Electronics Manufacturing | Bengaluru +22 other locations,4.0,(1.1k),1.1k,5.1k,93,--,131,2
V2 Retail,Retail | New Delhi +137 other locations,3.3,(1.1k),1.1k,2.6k,91,44,86,13
TK Elevator,Industrial Machinery | Pune +80 other locations,3.8,(1.1k),1.1k,4.2k,66,7,97,1
Air India Sats Airport Services,Aviation | New Delhi +46 other locations,3.6,(1.1k),1.1k,2.5k,68,--,70,--
MAHLE ANAND Filter Systems,Auto Components | Pune +40 other locations,3.9,(1.1k),1.1k,3.5k,42,--,110,2
MG Motor,Automobile | Vadodara +101 other locations,3.9,(1.1k),1.1k,4.8k,80,28,77,1
Zydus Wellness,FMCG | Ahmedabad +130 other locations,4.1,(1.1k),1.1k,2.7k,106,10,74,9
Sundaram Finance,NBFC | Chennai +250 other locations,3.9,(1.1k),1.1k,3k,47,489,88,9
Hyundai Mobis,Auto Components | Chennai +47 other locations,3.7,(1.1k),1.1k,5.2k,80,12,126,6
Svatantra Microfin,NBFC | Mumbai +337 other locations,3.9,(1.1k),1.1k,2.2k,46,9,76,18
One Point One Solutions Ltd.,BPO | Bengaluru +18 other locations,3.4,(1.1k),1.1k,3.1k,84,80,89,2
Sri Chaitanya Educational Institutions,Education & Training | Hyderabad +103 other locations,3.6,(1.1k),1.1k,3k,52,2,67,10
Hikal,Pharma | Bengaluru +22 other locations,3.8,(1.1k),1.1k,4.7k,76,70,86,4
Kirloskar Brothers,Industrial Machinery | Pune +74 other locations,3.7,(1.1k),1.1k,4.5k,93,40,97,12
VMware Software,Software Product | Bengaluru +17 other locations,4.4,(1.1k),1.1k,8.9k,146,21,130,--
TÜV NORD,"Testing, Inspection and Certification (TIC) | Pune +91 other locations",3.7,(1.1k),1.1k,4k,81,31,68,1
Saipem,Engineering & Construction | Chennai +42 other locations,4.2,(1.1k),1.1k,3.4k,55,25,148,19
Tube Investments of India,Engineering & Construction | Chennai +65 other locations,3.8,(1.1k),1.1k,3.6k,70,28,53,17
Vedanta Aluminium,Metals & Mining | Jharsuguda +46 other locations,3.8,(1.1k),1.1k,4.5k,70,--,113,15
Syngenta,Agriculture | Pune +173 other locations,4.2,(1.1k),1.1k,3.7k,81,17,95,5
Godrej Agrovet,Agriculture | Mumbai +146 other locations,3.9,(1.1k),1.1k,3.5k,63,4,79,6
ICON Plc,Clinical Research | Chennai +23 other locations,4.0,(1.1k),1.1k,4.4k,137,7,54,100
Knorr-Bremse,Auto Components | Pune +33 other locations,3.3,(1.1k),1.1k,5.1k,72,8,115,--
Northcorp Software,IT Services & Consulting | Gurugram +7 other locations,4.9,(1.1k),1.1k,220,865,4,54,1
CALIBEHR,IT Services & Consulting | Mumbai +184 other locations,4.0,(1.1k),1.1k,2.7k,70,17,62,3
Unity Small Finance Bank,Banking | Mumbai +149 other locations,3.6,(1.1k),1.1k,4.2k,80,26,12,13
Aarvi Encon,Recruitment | Mumbai +132 other locations,3.9,(1.1k),1.1k,3k,83,--,67,4
HPCL-Mittal Energy Limited,Petrochemicals | Bathinda +29 other locations,4.3,(1.1k),1.1k,4.6k,47,--,107,18
Adani Ports and SEZ,Ports & Shipping | Mundra +60 other locations,3.6,(1.1k),1.1k,3.9k,77,--,124,15
Xyz Company,Financial Services | Bengaluru +90 other locations,3.8,(1.1k),1.1k,47.3k,535,--,63,--
Gmmco,Industrial Machinery | Chennai +90 other locations,4.1,(1.1k),1.1k,2.9k,53,5,110,1
TKIL,Industrial Machinery | Pune +66 other locations,4.1,(1.1k),1.1k,4.6k,75,18,93,5
Vayona Energy,Power | Bengaluru +68 other locations,4.0,(1.1k),1.1k,4.9k,60,5,102,4
GAIL,Oil & Gas | New Delhi +104 other locations,4.4,(1.1k),1.1k,3.2k,81,--,88,5
Hinduja Housing Finance,NBFC | New Delhi +215 other locations,3.7,(1.1k),1.1k,2.8k,48,33,30,8
Metropolis Healthcare,Healthcare | Mumbai +104 other locations,3.9,(1.1k),1.1k,3.6k,68,17,72,3
Jet Airways,Aviation | Mumbai +44 other locations,4.6,(1.1k),1.1k,1.9k,24,--,180,--
Power Grid Corporation of India,Power | Gurugram +235 other locations,4.3,(1.1k),1.1k,2k,79,--,79,6
Tata Capital Housing Finance,NBFC | Mumbai +170 other locations,4.0,(1.1k),1.1k,3.1k,50,1,1,1
Pernod Ricard,Beverage | Gurugram +121 other locations,3.5,(1.1k),1.1k,4.6k,62,7,110,6
Dana Anand,Auto Components | Pune +49 other locations,4.0,(1.1k),1.1k,2.9k,56,--,127,6
Nexa,Automobile | New Delhi +216 other locations,3.9,(1.1k),1.1k,2.3k,41,--,103,1
Bajaj Capital Insurance Broking Limited,Insurance | New Delhi +141 other locations,4.4,(1.1k),1.1k,1.3k,229,--,41,12
Klm Axiva Finvest,NBFC | Bengaluru +158 other locations,4.4,(1.1k),1.1k,781,438,4,6,15
Aspire Systems,IT Services & Consulting | Chennai +23 other locations,3.8,(1.1k),1.1k,9.9k,129,123,84,--
Thermo Fisher Scientific,Biotechnology | Bengaluru +36 other locations,3.8,(1.1k),1.1k,6.7k,108,276,93,1
Innodata India Private Limited,IT Services & Consulting | Noida +23 other locations,3.6,(1.1k),1.1k,3k,108,69,55,--
Amazon Sellers Services,Internet | Bengaluru +68 other locations,4.0,(1.1k),1.1k,2.5k,132,--,101,--
